"Kind","Agent_Id","Queue_Id","Stream_Id","Thread_Id","Dispatch_Id","Kernel_Id","Kernel_Name","Correlation_Id","Start_Timestamp","End_Timestamp","LDS_Block_Size","Scratch_Size","VGPR_Count","Accum_VGPR_Count","SGPR_Count","Workgroup_Size_X","Workgroup_Size_Y","Workgroup_Size_Z","Grid_Size_X","Grid_Size_Y","Grid_Size_Z"
"KERNEL_DISPATCH","Agent 2",1,0,1,1,5,"void at::native::(anonymous namespace)::distribution_elementwise_grid_stride_kernel<float, 4, at::native::templates::cuda::normal_and_transform<c10::BFloat16, float, at::CUDAGeneratorImpl*, at::native::templates::cuda::normal_kernel<at::CUDAGeneratorImpl*>(at::TensorBase const&, double, double, at::CUDAGeneratorImpl*)::{lambda()#1}::operator()() const::{lambda()#4}::operator()() const::{lambda(float)#1}>(at::TensorIteratorBase&, at::CUDAGeneratorImpl*, at::native::templates::cuda::normal_kernel<at::CUDAGeneratorImpl*>(at::TensorBase const&, double, double, at::CUDAGeneratorImpl*)::{lambda()#1}::operator()() const::{lambda()#4}::operator()() const::{lambda(float)#1})::{lambda(hiprandStatePhilox4_32_10*)#2}, at::native::(anonymous namespace)::distribution_nullary_kernel<c10::BFloat16, float, HIP_vector_type<float, 4u>, at::CUDAGeneratorImpl*, at::native::templates::cuda::normal_and_transform<c10::BFloat16, float, at::CUDAGeneratorImpl*, at::native::templates::cuda::normal_kernel<at::CUDAGeneratorImpl*>(at::TensorBase const&, double, double, at::CUDAGeneratorImpl*)::{lambda()#1}::operator()() const::{lambda()#4}::operator()() const::{lambda(float)#1}>(at::TensorIteratorBase&, at::CUDAGeneratorImpl*, at::native::templates::cuda::normal_kernel<at::CUDAGeneratorImpl*>(at::TensorBase const&, double, double, at::CUDAGeneratorImpl*)::{lambda()#1}::operator()() const::{lambda()#4}::operator()() const::{lambda(float)#1})::{lambda(hiprandStatePhilox4_32_10*)#2}, at::native::templates::cuda::normal_kernel<at::CUDAGeneratorImpl*>(at::TensorBase const&, double, double, at::CUDAGeneratorImpl*)::{lambda()#1}::operator()() const::{lambda()#4}::operator()() const::{lambda(float)#1}>(at::TensorIteratorBase&, at::CUDAGeneratorImpl*, at::native::templates::cuda::normal_and_transform<c10::BFloat16, float, at::CUDAGeneratorImpl*, at::native::templates::cuda::normal_kernel<at::CUDAGeneratorImpl*>(at::TensorBase const&, double, double, at::CUDAGeneratorImpl*)::{lambda()#1}::operator()() const::{lambda()#4}::operator()() const::{lambda(float)#1}>(at::TensorIteratorBase&, at::CUDAGeneratorImpl*, at::native::templates::cuda::normal_kernel<at::CUDAGeneratorImpl*>(at::TensorBase const&, double, double, at::CUDAGeneratorImpl*)::{lambda()#1}::operator()() const::{lambda()#4}::operator()() const::{lambda(float)#1})::{lambda(hiprandStatePhilox4_32_10*)#2} const&, at::native::templates::cuda::normal_kernel<at::CUDAGeneratorImpl*>(at::TensorBase const&, double, double, at::CUDAGeneratorImpl*)::{lambda()#1}::operator()() const::{lambda()#4}::operator()() const::{lambda(float)#1})::{lambda(int, float)#1}>(long, at::PhiloxCudaState, at::native::templates::cuda::normal_and_transform<c10::BFloat16, float, at::CUDAGeneratorImpl*, at::native::templates::cuda::normal_kernel<at::CUDAGeneratorImpl*>(at::TensorBase const&, double, double, at::CUDAGeneratorImpl*)::{lambda()#1}::operator()() const::{lambda()#4}::operator()() const::{lambda(float)#1}>(at::TensorIteratorBase&, at::CUDAGeneratorImpl*, at::native::templates::cuda::normal_kernel<at::CUDAGeneratorImpl*>(at::TensorBase const&, double, double, at::CUDAGeneratorImpl*)::{lambda()#1}::operator()() const::{lambda()#4}::operator()() const::{lambda(float)#1})::{lambda(hiprandStatePhilox4_32_10*)#2}, at::native::(anonymous namespace)::distribution_nullary_kernel<c10::BFloat16, float, HIP_vector_type<float, 4u>, at::CUDAGeneratorImpl*, at::native::templates::cuda::normal_and_transform<c10::BFloat16, float, at::CUDAGeneratorImpl*, at::native::templates::cuda::normal_kernel<at::CUDAGeneratorImpl*>(at::TensorBase const&, double, double, at::CUDAGeneratorImpl*)::{lambda()#1}::operator()() const::{lambda()#4}::operator()() const::{lambda(float)#1}>(at::TensorIteratorBase&, at::CUDAGeneratorImpl*, at::native::templates::cuda::normal_kernel<at::CUDAGeneratorImpl*>(at::TensorBase const&, double, double, at::CUDAGeneratorImpl*)::{lambda()#1}::operator()() const::{lambda()#4}::operator()() const::{lambda(float)#1})::{lambda(hiprandStatePhilox4_32_10*)#2}, at::native::templates::cuda::normal_kernel<at::CUDAGeneratorImpl*>(at::TensorBase const&, double, double, at::CUDAGeneratorImpl*)::{lambda()#1}::operator()() const::{lambda()#4}::operator()() const::{lambda(float)#1}>(at::TensorIteratorBase&, at::CUDAGeneratorImpl*, at::native::templates::cuda::normal_and_transform<c10::BFloat16, float, at::CUDAGeneratorImpl*, at::native::templates::cuda::normal_kernel<at::CUDAGeneratorImpl*>(at::TensorBase const&, double, double, at::CUDAGeneratorImpl*)::{lambda()#1}::operator()() const::{lambda()#4}::operator()() const::{lambda(float)#1}>(at::TensorIteratorBase&, at::CUDAGeneratorImpl*, at::native::templates::cuda::normal_kernel<at::CUDAGeneratorImpl*>(at::TensorBase const&, double, double, at::CUDAGeneratorImpl*)::{lambda()#1}::operator()() const::{lambda()#4}::operator()() const::{lambda(float)#1})::{lambda(hiprandStatePhilox4_32_10*)#2} const&, at::native::templates::cuda::normal_kernel<at::CUDAGeneratorImpl*>(at::TensorBase const&, double, double, at::CUDAGeneratorImpl*)::{lambda()#1}::operator()() const::{lambda()#4}::operator()() const::{lambda(float)#1})::{lambda(int, float)#1})",1,72474852603648,72474852607409,0,0,60,4,48,256,1,1,10240,1,1
"KERNEL_DISPATCH","Agent 2",1,0,1,2,171,"void at::native::vectorized_elementwise_kernel<8, at::native::FillFunctor<c10::BFloat16>, std::array<char*, 1ul> >(int, at::native::FillFunctor<c10::BFloat16>, std::array<char*, 1ul>)",2,72474914962256,72474914964736,0,0,8,0,16,256,1,1,30720,1,1
"KERNEL_DISPATCH","Agent 2",1,0,1,3,5,"void at::native::(anonymous namespace)::distribution_elementwise_grid_stride_kernel<float, 4, at::native::templates::cuda::normal_and_transform<c10::BFloat16, float, at::CUDAGeneratorImpl*, at::native::templates::cuda::normal_kernel<at::CUDAGeneratorImpl*>(at::TensorBase const&, double, double, at::CUDAGeneratorImpl*)::{lambda()#1}::operator()() const::{lambda()#4}::operator()() const::{lambda(float)#1}>(at::TensorIteratorBase&, at::CUDAGeneratorImpl*, at::native::templates::cuda::normal_kernel<at::CUDAGeneratorImpl*>(at::TensorBase const&, double, double, at::CUDAGeneratorImpl*)::{lambda()#1}::operator()() const::{lambda()#4}::operator()() const::{lambda(float)#1})::{lambda(hiprandStatePhilox4_32_10*)#2}, at::native::(anonymous namespace)::distribution_nullary_kernel<c10::BFloat16, float, HIP_vector_type<float, 4u>, at::CUDAGeneratorImpl*, at::native::templates::cuda::normal_and_transform<c10::BFloat16, float, at::CUDAGeneratorImpl*, at::native::templates::cuda::normal_kernel<at::CUDAGeneratorImpl*>(at::TensorBase const&, double, double, at::CUDAGeneratorImpl*)::{lambda()#1}::operator()() const::{lambda()#4}::operator()() const::{lambda(float)#1}>(at::TensorIteratorBase&, at::CUDAGeneratorImpl*, at::native::templates::cuda::normal_kernel<at::CUDAGeneratorImpl*>(at::TensorBase const&, double, double, at::CUDAGeneratorImpl*)::{lambda()#1}::operator()() const::{lambda()#4}::operator()() const::{lambda(float)#1})::{lambda(hiprandStatePhilox4_32_10*)#2}, at::native::templates::cuda::normal_kernel<at::CUDAGeneratorImpl*>(at::TensorBase const&, double, double, at::CUDAGeneratorImpl*)::{lambda()#1}::operator()() const::{lambda()#4}::operator()() const::{lambda(float)#1}>(at::TensorIteratorBase&, at::CUDAGeneratorImpl*, at::native::templates::cuda::normal_and_transform<c10::BFloat16, float, at::CUDAGeneratorImpl*, at::native::templates::cuda::normal_kernel<at::CUDAGeneratorImpl*>(at::TensorBase const&, double, double, at::CUDAGeneratorImpl*)::{lambda()#1}::operator()() const::{lambda()#4}::operator()() const::{lambda(float)#1}>(at::TensorIteratorBase&, at::CUDAGeneratorImpl*, at::native::templates::cuda::normal_kernel<at::CUDAGeneratorImpl*>(at::TensorBase const&, double, double, at::CUDAGeneratorImpl*)::{lambda()#1}::operator()() const::{lambda()#4}::operator()() const::{lambda(float)#1})::{lambda(hiprandStatePhilox4_32_10*)#2} const&, at::native::templates::cuda::normal_kernel<at::CUDAGeneratorImpl*>(at::TensorBase const&, double, double, at::CUDAGeneratorImpl*)::{lambda()#1}::operator()() const::{lambda()#4}::operator()() const::{lambda(float)#1})::{lambda(int, float)#1}>(long, at::PhiloxCudaState, at::native::templates::cuda::normal_and_transform<c10::BFloat16, float, at::CUDAGeneratorImpl*, at::native::templates::cuda::normal_kernel<at::CUDAGeneratorImpl*>(at::TensorBase const&, double, double, at::CUDAGeneratorImpl*)::{lambda()#1}::operator()() const::{lambda()#4}::operator()() const::{lambda(float)#1}>(at::TensorIteratorBase&, at::CUDAGeneratorImpl*, at::native::templates::cuda::normal_kernel<at::CUDAGeneratorImpl*>(at::TensorBase const&, double, double, at::CUDAGeneratorImpl*)::{lambda()#1}::operator()() const::{lambda()#4}::operator()() const::{lambda(float)#1})::{lambda(hiprandStatePhilox4_32_10*)#2}, at::native::(anonymous namespace)::distribution_nullary_kernel<c10::BFloat16, float, HIP_vector_type<float, 4u>, at::CUDAGeneratorImpl*, at::native::templates::cuda::normal_and_transform<c10::BFloat16, float, at::CUDAGeneratorImpl*, at::native::templates::cuda::normal_kernel<at::CUDAGeneratorImpl*>(at::TensorBase const&, double, double, at::CUDAGeneratorImpl*)::{lambda()#1}::operator()() const::{lambda()#4}::operator()() const::{lambda(float)#1}>(at::TensorIteratorBase&, at::CUDAGeneratorImpl*, at::native::templates::cuda::normal_kernel<at::CUDAGeneratorImpl*>(at::TensorBase const&, double, double, at::CUDAGeneratorImpl*)::{lambda()#1}::operator()() const::{lambda()#4}::operator()() const::{lambda(float)#1})::{lambda(hiprandStatePhilox4_32_10*)#2}, at::native::templates::cuda::normal_kernel<at::CUDAGeneratorImpl*>(at::TensorBase const&, double, double, at::CUDAGeneratorImpl*)::{lambda()#1}::operator()() const::{lambda()#4}::operator()() const::{lambda(float)#1}>(at::TensorIteratorBase&, at::CUDAGeneratorImpl*, at::native::templates::cuda::normal_and_transform<c10::BFloat16, float, at::CUDAGeneratorImpl*, at::native::templates::cuda::normal_kernel<at::CUDAGeneratorImpl*>(at::TensorBase const&, double, double, at::CUDAGeneratorImpl*)::{lambda()#1}::operator()() const::{lambda()#4}::operator()() const::{lambda(float)#1}>(at::TensorIteratorBase&, at::CUDAGeneratorImpl*, at::native::templates::cuda::normal_kernel<at::CUDAGeneratorImpl*>(at::TensorBase const&, double, double, at::CUDAGeneratorImpl*)::{lambda()#1}::operator()() const::{lambda()#4}::operator()() const::{lambda(float)#1})::{lambda(hiprandStatePhilox4_32_10*)#2} const&, at::native::templates::cuda::normal_kernel<at::CUDAGeneratorImpl*>(at::TensorBase const&, double, double, at::CUDAGeneratorImpl*)::{lambda()#1}::operator()() const::{lambda()#4}::operator()() const::{lambda(float)#1})::{lambda(int, float)#1})",3,72474915147463,72474915151423,0,0,60,4,48,256,1,1,40960,1,1
"KERNEL_DISPATCH","Agent 2",1,0,1,4,171,"void at::native::vectorized_elementwise_kernel<8, at::native::FillFunctor<c10::BFloat16>, std::array<char*, 1ul> >(int, at::native::FillFunctor<c10::BFloat16>, std::array<char*, 1ul>)",4,72474915180504,72474915182104,0,0,8,0,16,256,1,1,1280,1,1
"KERNEL_DISPATCH","Agent 2",1,0,1,5,200,"void (anonymous namespace)::elementwise_kernel_with_index<int, at::native::arange_cuda_out(c10::Scalar const&, c10::Scalar const&, c10::Scalar const&, at::Tensor&)::{lambda()#1}::operator()() const::{lambda()#3}::operator()() const::{lambda(long)#1}>(int, at::native::arange_cuda_out(c10::Scalar const&, c10::Scalar const&, c10::Scalar const&, at::Tensor&)::{lambda()#1}::operator()() const::{lambda()#3}::operator()() const::{lambda(long)#1}, function_traits<at::native::arange_cuda_out(c10::Scalar const&, c10::Scalar const&, c10::Scalar const&, at::Tensor&)::{lambda()#1}::operator()() const::{lambda()#3}::operator()() const::{lambda(long)#1}>::result_type*)",5,72474967117004,72474967118724,0,0,4,4,16,128,1,1,128,1,1
"KERNEL_DISPATCH","Agent 2",1,0,1,6,587,"void at::native::vectorized_elementwise_kernel<4, at::native::BUnaryFunctor<int, int, int, at::native::remainder_kernel_cuda(at::TensorIteratorBase&)::{lambda()#1}::operator()() const::{lambda()#3}::operator()() const::{lambda(int, int)#1}>, std::array<char*, 2ul> >(int, at::native::BUnaryFunctor<int, int, int, at::native::remainder_kernel_cuda(at::TensorIteratorBase&)::{lambda()#1}::operator()() const::{lambda()#3}::operator()() const::{lambda(int, int)#1}>, std::array<char*, 2ul>)",6,72475167490363,72475167492283,0,0,16,0,32,256,1,1,256,1,1
"KERNEL_DISPATCH","Agent 2",1,0,1,7,5,"void at::native::(anonymous namespace)::distribution_elementwise_grid_stride_kernel<float, 4, at::native::templates::cuda::normal_and_transform<c10::BFloat16, float, at::CUDAGeneratorImpl*, at::native::templates::cuda::normal_kernel<at::CUDAGeneratorImpl*>(at::TensorBase const&, double, double, at::CUDAGeneratorImpl*)::{lambda()#1}::operator()() const::{lambda()#4}::operator()() const::{lambda(float)#1}>(at::TensorIteratorBase&, at::CUDAGeneratorImpl*, at::native::templates::cuda::normal_kernel<at::CUDAGeneratorImpl*>(at::TensorBase const&, double, double, at::CUDAGeneratorImpl*)::{lambda()#1}::operator()() const::{lambda()#4}::operator()() const::{lambda(float)#1})::{lambda(hiprandStatePhilox4_32_10*)#2}, at::native::(anonymous namespace)::distribution_nullary_kernel<c10::BFloat16, float, HIP_vector_type<float, 4u>, at::CUDAGeneratorImpl*, at::native::templates::cuda::normal_and_transform<c10::BFloat16, float, at::CUDAGeneratorImpl*, at::native::templates::cuda::normal_kernel<at::CUDAGeneratorImpl*>(at::TensorBase const&, double, double, at::CUDAGeneratorImpl*)::{lambda()#1}::operator()() const::{lambda()#4}::operator()() const::{lambda(float)#1}>(at::TensorIteratorBase&, at::CUDAGeneratorImpl*, at::native::templates::cuda::normal_kernel<at::CUDAGeneratorImpl*>(at::TensorBase const&, double, double, at::CUDAGeneratorImpl*)::{lambda()#1}::operator()() const::{lambda()#4}::operator()() const::{lambda(float)#1})::{lambda(hiprandStatePhilox4_32_10*)#2}, at::native::templates::cuda::normal_kernel<at::CUDAGeneratorImpl*>(at::TensorBase const&, double, double, at::CUDAGeneratorImpl*)::{lambda()#1}::operator()() const::{lambda()#4}::operator()() const::{lambda(float)#1}>(at::TensorIteratorBase&, at::CUDAGeneratorImpl*, at::native::templates::cuda::normal_and_transform<c10::BFloat16, float, at::CUDAGeneratorImpl*, at::native::templates::cuda::normal_kernel<at::CUDAGeneratorImpl*>(at::TensorBase const&, double, double, at::CUDAGeneratorImpl*)::{lambda()#1}::operator()() const::{lambda()#4}::operator()() const::{lambda(float)#1}>(at::TensorIteratorBase&, at::CUDAGeneratorImpl*, at::native::templates::cuda::normal_kernel<at::CUDAGeneratorImpl*>(at::TensorBase const&, double, double, at::CUDAGeneratorImpl*)::{lambda()#1}::operator()() const::{lambda()#4}::operator()() const::{lambda(float)#1})::{lambda(hiprandStatePhilox4_32_10*)#2} const&, at::native::templates::cuda::normal_kernel<at::CUDAGeneratorImpl*>(at::TensorBase const&, double, double, at::CUDAGeneratorImpl*)::{lambda()#1}::operator()() const::{lambda()#4}::operator()() const::{lambda(float)#1})::{lambda(int, float)#1}>(long, at::PhiloxCudaState, at::native::templates::cuda::normal_and_transform<c10::BFloat16, float, at::CUDAGeneratorImpl*, at::native::templates::cuda::normal_kernel<at::CUDAGeneratorImpl*>(at::TensorBase const&, double, double, at::CUDAGeneratorImpl*)::{lambda()#1}::operator()() const::{lambda()#4}::operator()() const::{lambda(float)#1}>(at::TensorIteratorBase&, at::CUDAGeneratorImpl*, at::native::templates::cuda::normal_kernel<at::CUDAGeneratorImpl*>(at::TensorBase const&, double, double, at::CUDAGeneratorImpl*)::{lambda()#1}::operator()() const::{lambda()#4}::operator()() const::{lambda(float)#1})::{lambda(hiprandStatePhilox4_32_10*)#2}, at::native::(anonymous namespace)::distribution_nullary_kernel<c10::BFloat16, float, HIP_vector_type<float, 4u>, at::CUDAGeneratorImpl*, at::native::templates::cuda::normal_and_transform<c10::BFloat16, float, at::CUDAGeneratorImpl*, at::native::templates::cuda::normal_kernel<at::CUDAGeneratorImpl*>(at::TensorBase const&, double, double, at::CUDAGeneratorImpl*)::{lambda()#1}::operator()() const::{lambda()#4}::operator()() const::{lambda(float)#1}>(at::TensorIteratorBase&, at::CUDAGeneratorImpl*, at::native::templates::cuda::normal_kernel<at::CUDAGeneratorImpl*>(at::TensorBase const&, double, double, at::CUDAGeneratorImpl*)::{lambda()#1}::operator()() const::{lambda()#4}::operator()() const::{lambda(float)#1})::{lambda(hiprandStatePhilox4_32_10*)#2}, at::native::templates::cuda::normal_kernel<at::CUDAGeneratorImpl*>(at::TensorBase const&, double, double, at::CUDAGeneratorImpl*)::{lambda()#1}::operator()() const::{lambda()#4}::operator()() const::{lambda(float)#1}>(at::TensorIteratorBase&, at::CUDAGeneratorImpl*, at::native::templates::cuda::normal_and_transform<c10::BFloat16, float, at::CUDAGeneratorImpl*, at::native::templates::cuda::normal_kernel<at::CUDAGeneratorImpl*>(at::TensorBase const&, double, double, at::CUDAGeneratorImpl*)::{lambda()#1}::operator()() const::{lambda()#4}::operator()() const::{lambda(float)#1}>(at::TensorIteratorBase&, at::CUDAGeneratorImpl*, at::native::templates::cuda::normal_kernel<at::CUDAGeneratorImpl*>(at::TensorBase const&, double, double, at::CUDAGeneratorImpl*)::{lambda()#1}::operator()() const::{lambda()#4}::operator()() const::{lambda(float)#1})::{lambda(hiprandStatePhilox4_32_10*)#2} const&, at::native::templates::cuda::normal_kernel<at::CUDAGeneratorImpl*>(at::TensorBase const&, double, double, at::CUDAGeneratorImpl*)::{lambda()#1}::operator()() const::{lambda()#4}::operator()() const::{lambda(float)#1})::{lambda(int, float)#1})",7,72475167707174,72475167710254,0,0,60,4,48,256,1,1,256,1,1
"KERNEL_DISPATCH","Agent 2",1,0,1,8,5,"void at::native::(anonymous namespace)::distribution_elementwise_grid_stride_kernel<float, 4, at::native::templates::cuda::normal_and_transform<c10::BFloat16, float, at::CUDAGeneratorImpl*, at::native::templates::cuda::normal_kernel<at::CUDAGeneratorImpl*>(at::TensorBase const&, double, double, at::CUDAGeneratorImpl*)::{lambda()#1}::operator()() const::{lambda()#4}::operator()() const::{lambda(float)#1}>(at::TensorIteratorBase&, at::CUDAGeneratorImpl*, at::native::templates::cuda::normal_kernel<at::CUDAGeneratorImpl*>(at::TensorBase const&, double, double, at::CUDAGeneratorImpl*)::{lambda()#1}::operator()() const::{lambda()#4}::operator()() const::{lambda(float)#1})::{lambda(hiprandStatePhilox4_32_10*)#2}, at::native::(anonymous namespace)::distribution_nullary_kernel<c10::BFloat16, float, HIP_vector_type<float, 4u>, at::CUDAGeneratorImpl*, at::native::templates::cuda::normal_and_transform<c10::BFloat16, float, at::CUDAGeneratorImpl*, at::native::templates::cuda::normal_kernel<at::CUDAGeneratorImpl*>(at::TensorBase const&, double, double, at::CUDAGeneratorImpl*)::{lambda()#1}::operator()() const::{lambda()#4}::operator()() const::{lambda(float)#1}>(at::TensorIteratorBase&, at::CUDAGeneratorImpl*, at::native::templates::cuda::normal_kernel<at::CUDAGeneratorImpl*>(at::TensorBase const&, double, double, at::CUDAGeneratorImpl*)::{lambda()#1}::operator()() const::{lambda()#4}::operator()() const::{lambda(float)#1})::{lambda(hiprandStatePhilox4_32_10*)#2}, at::native::templates::cuda::normal_kernel<at::CUDAGeneratorImpl*>(at::TensorBase const&, double, double, at::CUDAGeneratorImpl*)::{lambda()#1}::operator()() const::{lambda()#4}::operator()() const::{lambda(float)#1}>(at::TensorIteratorBase&, at::CUDAGeneratorImpl*, at::native::templates::cuda::normal_and_transform<c10::BFloat16, float, at::CUDAGeneratorImpl*, at::native::templates::cuda::normal_kernel<at::CUDAGeneratorImpl*>(at::TensorBase const&, double, double, at::CUDAGeneratorImpl*)::{lambda()#1}::operator()() const::{lambda()#4}::operator()() const::{lambda(float)#1}>(at::TensorIteratorBase&, at::CUDAGeneratorImpl*, at::native::templates::cuda::normal_kernel<at::CUDAGeneratorImpl*>(at::TensorBase const&, double, double, at::CUDAGeneratorImpl*)::{lambda()#1}::operator()() const::{lambda()#4}::operator()() const::{lambda(float)#1})::{lambda(hiprandStatePhilox4_32_10*)#2} const&, at::native::templates::cuda::normal_kernel<at::CUDAGeneratorImpl*>(at::TensorBase const&, double, double, at::CUDAGeneratorImpl*)::{lambda()#1}::operator()() const::{lambda()#4}::operator()() const::{lambda(float)#1})::{lambda(int, float)#1}>(long, at::PhiloxCudaState, at::native::templates::cuda::normal_and_transform<c10::BFloat16, float, at::CUDAGeneratorImpl*, at::native::templates::cuda::normal_kernel<at::CUDAGeneratorImpl*>(at::TensorBase const&, double, double, at::CUDAGeneratorImpl*)::{lambda()#1}::operator()() const::{lambda()#4}::operator()() const::{lambda(float)#1}>(at::TensorIteratorBase&, at::CUDAGeneratorImpl*, at::native::templates::cuda::normal_kernel<at::CUDAGeneratorImpl*>(at::TensorBase const&, double, double, at::CUDAGeneratorImpl*)::{lambda()#1}::operator()() const::{lambda()#4}::operator()() const::{lambda(float)#1})::{lambda(hiprandStatePhilox4_32_10*)#2}, at::native::(anonymous namespace)::distribution_nullary_kernel<c10::BFloat16, float, HIP_vector_type<float, 4u>, at::CUDAGeneratorImpl*, at::native::templates::cuda::normal_and_transform<c10::BFloat16, float, at::CUDAGeneratorImpl*, at::native::templates::cuda::normal_kernel<at::CUDAGeneratorImpl*>(at::TensorBase const&, double, double, at::CUDAGeneratorImpl*)::{lambda()#1}::operator()() const::{lambda()#4}::operator()() const::{lambda(float)#1}>(at::TensorIteratorBase&, at::CUDAGeneratorImpl*, at::native::templates::cuda::normal_kernel<at::CUDAGeneratorImpl*>(at::TensorBase const&, double, double, at::CUDAGeneratorImpl*)::{lambda()#1}::operator()() const::{lambda()#4}::operator()() const::{lambda(float)#1})::{lambda(hiprandStatePhilox4_32_10*)#2}, at::native::templates::cuda::normal_kernel<at::CUDAGeneratorImpl*>(at::TensorBase const&, double, double, at::CUDAGeneratorImpl*)::{lambda()#1}::operator()() const::{lambda()#4}::operator()() const::{lambda(float)#1}>(at::TensorIteratorBase&, at::CUDAGeneratorImpl*, at::native::templates::cuda::normal_and_transform<c10::BFloat16, float, at::CUDAGeneratorImpl*, at::native::templates::cuda::normal_kernel<at::CUDAGeneratorImpl*>(at::TensorBase const&, double, double, at::CUDAGeneratorImpl*)::{lambda()#1}::operator()() const::{lambda()#4}::operator()() const::{lambda(float)#1}>(at::TensorIteratorBase&, at::CUDAGeneratorImpl*, at::native::templates::cuda::normal_kernel<at::CUDAGeneratorImpl*>(at::TensorBase const&, double, double, at::CUDAGeneratorImpl*)::{lambda()#1}::operator()() const::{lambda()#4}::operator()() const::{lambda(float)#1})::{lambda(hiprandStatePhilox4_32_10*)#2} const&, at::native::templates::cuda::normal_kernel<at::CUDAGeneratorImpl*>(at::TensorBase const&, double, double, at::CUDAGeneratorImpl*)::{lambda()#1}::operator()() const::{lambda()#4}::operator()() const::{lambda(float)#1})::{lambda(int, float)#1})",8,72475167720655,72475167722535,0,0,60,4,48,256,1,1,256,1,1
"KERNEL_DISPATCH","Agent 2",1,0,1,9,11,"void at::native::(anonymous namespace)::distribution_elementwise_grid_stride_kernel<float, 4, at::native::templates::cuda::normal_and_transform<float, float, at::CUDAGeneratorImpl*, at::native::templates::cuda::normal_kernel<at::CUDAGeneratorImpl*>(at::TensorBase const&, double, double, at::CUDAGeneratorImpl*)::{lambda()#1}::operator()() const::{lambda()#2}::operator()() const::{lambda(float)#1}>(at::TensorIteratorBase&, at::CUDAGeneratorImpl*, at::native::templates::cuda::normal_kernel<at::CUDAGeneratorImpl*>(at::TensorBase const&, double, double, at::CUDAGeneratorImpl*)::{lambda()#1}::operator()() const::{lambda()#2}::operator()() const::{lambda(float)#1})::{lambda(hiprandStatePhilox4_32_10*)#2}, at::native::(anonymous namespace)::distribution_nullary_kernel<float, float, HIP_vector_type<float, 4u>, at::CUDAGeneratorImpl*, at::native::templates::cuda::normal_and_transform<float, float, at::CUDAGeneratorImpl*, at::native::templates::cuda::normal_kernel<at::CUDAGeneratorImpl*>(at::TensorBase const&, double, double, at::CUDAGeneratorImpl*)::{lambda()#1}::operator()() const::{lambda()#2}::operator()() const::{lambda(float)#1}>(at::TensorIteratorBase&, at::CUDAGeneratorImpl*, at::native::templates::cuda::normal_kernel<at::CUDAGeneratorImpl*>(at::TensorBase const&, double, double, at::CUDAGeneratorImpl*)::{lambda()#1}::operator()() const::{lambda()#2}::operator()() const::{lambda(float)#1})::{lambda(hiprandStatePhilox4_32_10*)#2}, at::native::templates::cuda::normal_kernel<at::CUDAGeneratorImpl*>(at::TensorBase const&, double, double, at::CUDAGeneratorImpl*)::{lambda()#1}::operator()() const::{lambda()#2}::operator()() const::{lambda(float)#1}>(at::TensorIteratorBase&, at::CUDAGeneratorImpl*, at::native::templates::cuda::normal_and_transform<float, float, at::CUDAGeneratorImpl*, at::native::templates::cuda::normal_kernel<at::CUDAGeneratorImpl*>(at::TensorBase const&, double, double, at::CUDAGeneratorImpl*)::{lambda()#1}::operator()() const::{lambda()#2}::operator()() const::{lambda(float)#1}>(at::TensorIteratorBase&, at::CUDAGeneratorImpl*, at::native::templates::cuda::normal_kernel<at::CUDAGeneratorImpl*>(at::TensorBase const&, double, double, at::CUDAGeneratorImpl*)::{lambda()#1}::operator()() const::{lambda()#2}::operator()() const::{lambda(float)#1})::{lambda(hiprandStatePhilox4_32_10*)#2} const&, at::native::templates::cuda::normal_kernel<at::CUDAGeneratorImpl*>(at::TensorBase const&, double, double, at::CUDAGeneratorImpl*)::{lambda()#1}::operator()() const::{lambda()#2}::operator()() const::{lambda(float)#1})::{lambda(int, float)#1}>(long, at::PhiloxCudaState, at::native::templates::cuda::normal_and_transform<float, float, at::CUDAGeneratorImpl*, at::native::templates::cuda::normal_kernel<at::CUDAGeneratorImpl*>(at::TensorBase const&, double, double, at::CUDAGeneratorImpl*)::{lambda()#1}::operator()() const::{lambda()#2}::operator()() const::{lambda(float)#1}>(at::TensorIteratorBase&, at::CUDAGeneratorImpl*, at::native::templates::cuda::normal_kernel<at::CUDAGeneratorImpl*>(at::TensorBase const&, double, double, at::CUDAGeneratorImpl*)::{lambda()#1}::operator()() const::{lambda()#2}::operator()() const::{lambda(float)#1})::{lambda(hiprandStatePhilox4_32_10*)#2}, at::native::(anonymous namespace)::distribution_nullary_kernel<float, float, HIP_vector_type<float, 4u>, at::CUDAGeneratorImpl*, at::native::templates::cuda::normal_and_transform<float, float, at::CUDAGeneratorImpl*, at::native::templates::cuda::normal_kernel<at::CUDAGeneratorImpl*>(at::TensorBase const&, double, double, at::CUDAGeneratorImpl*)::{lambda()#1}::operator()() const::{lambda()#2}::operator()() const::{lambda(float)#1}>(at::TensorIteratorBase&, at::CUDAGeneratorImpl*, at::native::templates::cuda::normal_kernel<at::CUDAGeneratorImpl*>(at::TensorBase const&, double, double, at::CUDAGeneratorImpl*)::{lambda()#1}::operator()() const::{lambda()#2}::operator()() const::{lambda(float)#1})::{lambda(hiprandStatePhilox4_32_10*)#2}, at::native::templates::cuda::normal_kernel<at::CUDAGeneratorImpl*>(at::TensorBase const&, double, double, at::CUDAGeneratorImpl*)::{lambda()#1}::operator()() const::{lambda()#2}::operator()() const::{lambda(float)#1}>(at::TensorIteratorBase&, at::CUDAGeneratorImpl*, at::native::templates::cuda::normal_and_transform<float, float, at::CUDAGeneratorImpl*, at::native::templates::cuda::normal_kernel<at::CUDAGeneratorImpl*>(at::TensorBase const&, double, double, at::CUDAGeneratorImpl*)::{lambda()#1}::operator()() const::{lambda()#2}::operator()() const::{lambda(float)#1}>(at::TensorIteratorBase&, at::CUDAGeneratorImpl*, at::native::templates::cuda::normal_kernel<at::CUDAGeneratorImpl*>(at::TensorBase const&, double, double, at::CUDAGeneratorImpl*)::{lambda()#1}::operator()() const::{lambda()#2}::operator()() const::{lambda(float)#1})::{lambda(hiprandStatePhilox4_32_10*)#2} const&, at::native::templates::cuda::normal_kernel<at::CUDAGeneratorImpl*>(at::TensorBase const&, double, double, at::CUDAGeneratorImpl*)::{lambda()#1}::operator()() const::{lambda()#2}::operator()() const::{lambda(float)#1})::{lambda(int, float)#1})",9,72475167739256,72475167742056,0,0,60,4,48,256,1,1,256,1,1
"KERNEL_DISPATCH","Agent 2",1,0,1,10,11,"void at::native::(anonymous namespace)::distribution_elementwise_grid_stride_kernel<float, 4, at::native::templates::cuda::normal_and_transform<float, float, at::CUDAGeneratorImpl*, at::native::templates::cuda::normal_kernel<at::CUDAGeneratorImpl*>(at::TensorBase const&, double, double, at::CUDAGeneratorImpl*)::{lambda()#1}::operator()() const::{lambda()#2}::operator()() const::{lambda(float)#1}>(at::TensorIteratorBase&, at::CUDAGeneratorImpl*, at::native::templates::cuda::normal_kernel<at::CUDAGeneratorImpl*>(at::TensorBase const&, double, double, at::CUDAGeneratorImpl*)::{lambda()#1}::operator()() const::{lambda()#2}::operator()() const::{lambda(float)#1})::{lambda(hiprandStatePhilox4_32_10*)#2}, at::native::(anonymous namespace)::distribution_nullary_kernel<float, float, HIP_vector_type<float, 4u>, at::CUDAGeneratorImpl*, at::native::templates::cuda::normal_and_transform<float, float, at::CUDAGeneratorImpl*, at::native::templates::cuda::normal_kernel<at::CUDAGeneratorImpl*>(at::TensorBase const&, double, double, at::CUDAGeneratorImpl*)::{lambda()#1}::operator()() const::{lambda()#2}::operator()() const::{lambda(float)#1}>(at::TensorIteratorBase&, at::CUDAGeneratorImpl*, at::native::templates::cuda::normal_kernel<at::CUDAGeneratorImpl*>(at::TensorBase const&, double, double, at::CUDAGeneratorImpl*)::{lambda()#1}::operator()() const::{lambda()#2}::operator()() const::{lambda(float)#1})::{lambda(hiprandStatePhilox4_32_10*)#2}, at::native::templates::cuda::normal_kernel<at::CUDAGeneratorImpl*>(at::TensorBase const&, double, double, at::CUDAGeneratorImpl*)::{lambda()#1}::operator()() const::{lambda()#2}::operator()() const::{lambda(float)#1}>(at::TensorIteratorBase&, at::CUDAGeneratorImpl*, at::native::templates::cuda::normal_and_transform<float, float, at::CUDAGeneratorImpl*, at::native::templates::cuda::normal_kernel<at::CUDAGeneratorImpl*>(at::TensorBase const&, double, double, at::CUDAGeneratorImpl*)::{lambda()#1}::operator()() const::{lambda()#2}::operator()() const::{lambda(float)#1}>(at::TensorIteratorBase&, at::CUDAGeneratorImpl*, at::native::templates::cuda::normal_kernel<at::CUDAGeneratorImpl*>(at::TensorBase const&, double, double, at::CUDAGeneratorImpl*)::{lambda()#1}::operator()() const::{lambda()#2}::operator()() const::{lambda(float)#1})::{lambda(hiprandStatePhilox4_32_10*)#2} const&, at::native::templates::cuda::normal_kernel<at::CUDAGeneratorImpl*>(at::TensorBase const&, double, double, at::CUDAGeneratorImpl*)::{lambda()#1}::operator()() const::{lambda()#2}::operator()() const::{lambda(float)#1})::{lambda(int, float)#1}>(long, at::PhiloxCudaState, at::native::templates::cuda::normal_and_transform<float, float, at::CUDAGeneratorImpl*, at::native::templates::cuda::normal_kernel<at::CUDAGeneratorImpl*>(at::TensorBase const&, double, double, at::CUDAGeneratorImpl*)::{lambda()#1}::operator()() const::{lambda()#2}::operator()() const::{lambda(float)#1}>(at::TensorIteratorBase&, at::CUDAGeneratorImpl*, at::native::templates::cuda::normal_kernel<at::CUDAGeneratorImpl*>(at::TensorBase const&, double, double, at::CUDAGeneratorImpl*)::{lambda()#1}::operator()() const::{lambda()#2}::operator()() const::{lambda(float)#1})::{lambda(hiprandStatePhilox4_32_10*)#2}, at::native::(anonymous namespace)::distribution_nullary_kernel<float, float, HIP_vector_type<float, 4u>, at::CUDAGeneratorImpl*, at::native::templates::cuda::normal_and_transform<float, float, at::CUDAGeneratorImpl*, at::native::templates::cuda::normal_kernel<at::CUDAGeneratorImpl*>(at::TensorBase const&, double, double, at::CUDAGeneratorImpl*)::{lambda()#1}::operator()() const::{lambda()#2}::operator()() const::{lambda(float)#1}>(at::TensorIteratorBase&, at::CUDAGeneratorImpl*, at::native::templates::cuda::normal_kernel<at::CUDAGeneratorImpl*>(at::TensorBase const&, double, double, at::CUDAGeneratorImpl*)::{lambda()#1}::operator()() const::{lambda()#2}::operator()() const::{lambda(float)#1})::{lambda(hiprandStatePhilox4_32_10*)#2}, at::native::templates::cuda::normal_kernel<at::CUDAGeneratorImpl*>(at::TensorBase const&, double, double, at::CUDAGeneratorImpl*)::{lambda()#1}::operator()() const::{lambda()#2}::operator()() const::{lambda(float)#1}>(at::TensorIteratorBase&, at::CUDAGeneratorImpl*, at::native::templates::cuda::normal_and_transform<float, float, at::CUDAGeneratorImpl*, at::native::templates::cuda::normal_kernel<at::CUDAGeneratorImpl*>(at::TensorBase const&, double, double, at::CUDAGeneratorImpl*)::{lambda()#1}::operator()() const::{lambda()#2}::operator()() const::{lambda(float)#1}>(at::TensorIteratorBase&, at::CUDAGeneratorImpl*, at::native::templates::cuda::normal_kernel<at::CUDAGeneratorImpl*>(at::TensorBase const&, double, double, at::CUDAGeneratorImpl*)::{lambda()#1}::operator()() const::{lambda()#2}::operator()() const::{lambda(float)#1})::{lambda(hiprandStatePhilox4_32_10*)#2} const&, at::native::templates::cuda::normal_kernel<at::CUDAGeneratorImpl*>(at::TensorBase const&, double, double, at::CUDAGeneratorImpl*)::{lambda()#1}::operator()() const::{lambda()#2}::operator()() const::{lambda(float)#1})::{lambda(int, float)#1})",10,72475167752056,72475167753937,0,0,60,4,48,256,1,1,256,1,1
"KERNEL_DISPATCH","Agent 2",1,0,1,11,127,"void at::native::vectorized_elementwise_kernel<4, at::native::FillFunctor<float>, std::array<char*, 1ul> >(int, at::native::FillFunctor<float>, std::array<char*, 1ul>)",11,72475167942467,72475167951227,0,0,8,0,16,256,1,1,1572864,1,1
"KERNEL_DISPATCH","Agent 2",1,0,1,12,753,"_causal_conv1d_update_kernel",12,72475718357077,72475718359037,0,0,24,0,48,256,1,1,256,40,1
"KERNEL_DISPATCH","Agent 2",1,0,1,13,754,"fused_recurrent_gated_delta_rule_packed_decode_kernel",13,72475938083289,72475938085649,0,0,116,4,48,64,1,1,256,48,1
"KERNEL_DISPATCH","Agent 2",1,0,1,14,753,"_causal_conv1d_update_kernel",14,72475938296140,72475938297660,0,0,24,0,48,256,1,1,256,40,1
"KERNEL_DISPATCH","Agent 2",1,0,1,15,753,"_causal_conv1d_update_kernel",15,72475938368944,72475938370264,0,0,24,0,48,256,1,1,256,40,1
"KERNEL_DISPATCH","Agent 2",1,0,1,16,753,"_causal_conv1d_update_kernel",16,72475938407746,72475938409026,0,0,24,0,48,256,1,1,256,40,1
"KERNEL_DISPATCH","Agent 2",1,0,1,17,753,"_causal_conv1d_update_kernel",17,72475938440908,72475938442108,0,0,24,0,48,256,1,1,256,40,1
"KERNEL_DISPATCH","Agent 2",1,0,1,18,753,"_causal_conv1d_update_kernel",18,72475938470989,72475938472109,0,0,24,0,48,256,1,1,256,40,1
"KERNEL_DISPATCH","Agent 2",1,0,1,19,753,"_causal_conv1d_update_kernel",19,72475938500871,72475938501991,0,0,24,0,48,256,1,1,256,40,1
"KERNEL_DISPATCH","Agent 2",1,0,1,20,753,"_causal_conv1d_update_kernel",20,72475938530713,72475938531793,0,0,24,0,48,256,1,1,256,40,1
"KERNEL_DISPATCH","Agent 2",1,0,1,21,753,"_causal_conv1d_update_kernel",21,72475938560891,72475938562091,0,0,24,0,48,256,1,1,256,40,1
"KERNEL_DISPATCH","Agent 2",1,0,1,22,753,"_causal_conv1d_update_kernel",22,72475938777726,72475938778966,0,0,24,0,48,256,1,1,256,40,1
"KERNEL_DISPATCH","Agent 2",1,0,1,23,753,"_causal_conv1d_update_kernel",23,72475938824609,72475938825769,0,0,24,0,48,256,1,1,256,40,1
"KERNEL_DISPATCH","Agent 2",1,0,1,24,753,"_causal_conv1d_update_kernel",24,72475938856571,72475938857731,0,0,24,0,48,256,1,1,256,40,1
"KERNEL_DISPATCH","Agent 2",1,0,1,25,753,"_causal_conv1d_update_kernel",25,72475938886972,72475938888212,0,0,24,0,48,256,1,1,256,40,1
"KERNEL_DISPATCH","Agent 2",1,0,1,26,753,"_causal_conv1d_update_kernel",26,72475938915654,72475938916814,0,0,24,0,48,256,1,1,256,40,1
"KERNEL_DISPATCH","Agent 2",1,0,1,27,753,"_causal_conv1d_update_kernel",27,72475938944896,72475938946056,0,0,24,0,48,256,1,1,256,40,1
"KERNEL_DISPATCH","Agent 2",1,0,1,28,753,"_causal_conv1d_update_kernel",28,72475938974057,72475938975217,0,0,24,0,48,256,1,1,256,40,1
"KERNEL_DISPATCH","Agent 2",1,0,1,29,753,"_causal_conv1d_update_kernel",29,72475939002299,72475939003459,0,0,24,0,48,256,1,1,256,40,1
"KERNEL_DISPATCH","Agent 2",1,0,1,30,753,"_causal_conv1d_update_kernel",30,72475939037141,72475939038301,0,0,24,0,48,256,1,1,256,40,1
"KERNEL_DISPATCH","Agent 2",1,0,1,31,753,"_causal_conv1d_update_kernel",31,72475939066462,72475939067622,0,0,24,0,48,256,1,1,256,40,1
"KERNEL_DISPATCH","Agent 2",1,0,1,32,753,"_causal_conv1d_update_kernel",32,72475939094984,72475939096144,0,0,24,0,48,256,1,1,256,40,1
"KERNEL_DISPATCH","Agent 2",1,0,1,33,753,"_causal_conv1d_update_kernel",33,72475939124666,72475939125866,0,0,24,0,48,256,1,1,256,40,1
"KERNEL_DISPATCH","Agent 2",1,0,1,34,753,"_causal_conv1d_update_kernel",34,72475939153107,72475939154227,0,0,24,0,48,256,1,1,256,40,1
"KERNEL_DISPATCH","Agent 2",1,0,1,35,753,"_causal_conv1d_update_kernel",35,72475939181549,72475939182669,0,0,24,0,48,256,1,1,256,40,1
"KERNEL_DISPATCH","Agent 2",1,0,1,36,753,"_causal_conv1d_update_kernel",36,72475939210630,72475939211790,0,0,24,0,48,256,1,1,256,40,1
"KERNEL_DISPATCH","Agent 2",1,0,1,37,753,"_causal_conv1d_update_kernel",37,72475939239392,72475939240552,0,0,24,0,48,256,1,1,256,40,1
"KERNEL_DISPATCH","Agent 2",1,0,1,38,753,"_causal_conv1d_update_kernel",38,72475939267993,72475939269154,0,0,24,0,48,256,1,1,256,40,1
"KERNEL_DISPATCH","Agent 2",1,0,1,39,753,"_causal_conv1d_update_kernel",39,72475939297475,72475939298595,0,0,24,0,48,256,1,1,256,40,1
"KERNEL_DISPATCH","Agent 2",1,0,1,40,753,"_causal_conv1d_update_kernel",40,72475939325437,72475939326597,0,0,24,0,48,256,1,1,256,40,1
"KERNEL_DISPATCH","Agent 2",1,0,1,41,753,"_causal_conv1d_update_kernel",41,72475939353318,72475939354438,0,0,24,0,48,256,1,1,256,40,1
"KERNEL_DISPATCH","Agent 2",1,0,1,42,753,"_causal_conv1d_update_kernel",42,72475939381080,72475939382200,0,0,24,0,48,256,1,1,256,40,1
"KERNEL_DISPATCH","Agent 2",1,0,1,43,753,"_causal_conv1d_update_kernel",43,72475939408441,72475939409561,0,0,24,0,48,256,1,1,256,40,1
"KERNEL_DISPATCH","Agent 2",1,0,1,44,753,"_causal_conv1d_update_kernel",44,72475939435923,72475939437083,0,0,24,0,48,256,1,1,256,40,1
"KERNEL_DISPATCH","Agent 2",1,0,1,45,753,"_causal_conv1d_update_kernel",45,72475939464084,72475939465204,0,0,24,0,48,256,1,1,256,40,1
"KERNEL_DISPATCH","Agent 2",1,0,1,46,754,"fused_recurrent_gated_delta_rule_packed_decode_kernel",46,72475939609132,72475939610772,0,0,116,4,48,64,1,1,256,48,1
"KERNEL_DISPATCH","Agent 2",1,0,1,47,754,"fused_recurrent_gated_delta_rule_packed_decode_kernel",47,72475939648895,72475939650495,0,0,116,4,48,64,1,1,256,48,1
"KERNEL_DISPATCH","Agent 2",1,0,1,48,754,"fused_recurrent_gated_delta_rule_packed_decode_kernel",48,72475939684176,72475939685737,0,0,116,4,48,64,1,1,256,48,1
"KERNEL_DISPATCH","Agent 2",1,0,1,49,754,"fused_recurrent_gated_delta_rule_packed_decode_kernel",49,72475939718138,72475939719778,0,0,116,4,48,64,1,1,256,48,1
"KERNEL_DISPATCH","Agent 2",1,0,1,50,754,"fused_recurrent_gated_delta_rule_packed_decode_kernel",50,72475939753060,72475939754620,0,0,116,4,48,64,1,1,256,48,1
"KERNEL_DISPATCH","Agent 2",1,0,1,51,754,"fused_recurrent_gated_delta_rule_packed_decode_kernel",51,72475939786142,72475939787662,0,0,116,4,48,64,1,1,256,48,1
"KERNEL_DISPATCH","Agent 2",1,0,1,52,754,"fused_recurrent_gated_delta_rule_packed_decode_kernel",52,72475939819024,72475939820584,0,0,116,4,48,64,1,1,256,48,1
"KERNEL_DISPATCH","Agent 2",1,0,1,53,754,"fused_recurrent_gated_delta_rule_packed_decode_kernel",53,72475939851626,72475939853266,0,0,116,4,48,64,1,1,256,48,1
"KERNEL_DISPATCH","Agent 2",1,0,1,54,754,"fused_recurrent_gated_delta_rule_packed_decode_kernel",54,72475939919309,72475939920950,0,0,116,4,48,64,1,1,256,48,1
"KERNEL_DISPATCH","Agent 2",1,0,1,55,754,"fused_recurrent_gated_delta_rule_packed_decode_kernel",55,72475939957992,72475939959552,0,0,116,4,48,64,1,1,256,48,1
"KERNEL_DISPATCH","Agent 2",1,0,1,56,754,"fused_recurrent_gated_delta_rule_packed_decode_kernel",56,72475939991393,72475939992954,0,0,116,4,48,64,1,1,256,48,1
"KERNEL_DISPATCH","Agent 2",1,0,1,57,754,"fused_recurrent_gated_delta_rule_packed_decode_kernel",57,72475940028276,72475940029796,0,0,116,4,48,64,1,1,256,48,1
"KERNEL_DISPATCH","Agent 2",1,0,1,58,754,"fused_recurrent_gated_delta_rule_packed_decode_kernel",58,72475940061237,72475940062797,0,0,116,4,48,64,1,1,256,48,1
"KERNEL_DISPATCH","Agent 2",1,0,1,59,754,"fused_recurrent_gated_delta_rule_packed_decode_kernel",59,72475940093279,72475940094839,0,0,116,4,48,64,1,1,256,48,1
"KERNEL_DISPATCH","Agent 2",1,0,1,60,754,"fused_recurrent_gated_delta_rule_packed_decode_kernel",60,72475940124441,72475940126081,0,0,116,4,48,64,1,1,256,48,1
"KERNEL_DISPATCH","Agent 2",1,0,1,61,754,"fused_recurrent_gated_delta_rule_packed_decode_kernel",61,72475940155723,72475940157283,0,0,116,4,48,64,1,1,256,48,1
"KERNEL_DISPATCH","Agent 2",1,0,1,62,754,"fused_recurrent_gated_delta_rule_packed_decode_kernel",62,72475940187204,72475940188924,0,0,116,4,48,64,1,1,256,48,1
"KERNEL_DISPATCH","Agent 2",1,0,1,63,754,"fused_recurrent_gated_delta_rule_packed_decode_kernel",63,72475940219046,72475940220686,0,0,116,4,48,64,1,1,256,48,1
"KERNEL_DISPATCH","Agent 2",1,0,1,64,754,"fused_recurrent_gated_delta_rule_packed_decode_kernel",64,72475940252768,72475940254408,0,0,116,4,48,64,1,1,256,48,1
"KERNEL_DISPATCH","Agent 2",1,0,1,65,754,"fused_recurrent_gated_delta_rule_packed_decode_kernel",65,72475940286170,72475940287730,0,0,116,4,48,64,1,1,256,48,1
"KERNEL_DISPATCH","Agent 2",1,0,1,66,754,"fused_recurrent_gated_delta_rule_packed_decode_kernel",66,72475940319305,72475940320865,0,0,116,4,48,64,1,1,256,48,1
"KERNEL_DISPATCH","Agent 2",1,0,1,67,754,"fused_recurrent_gated_delta_rule_packed_decode_kernel",67,72475940352453,72475940354094,0,0,116,4,48,64,1,1,256,48,1
"KERNEL_DISPATCH","Agent 2",1,0,1,68,754,"fused_recurrent_gated_delta_rule_packed_decode_kernel",68,72475940384655,72475940386215,0,0,116,4,48,64,1,1,256,48,1
"KERNEL_DISPATCH","Agent 2",1,0,1,69,754,"fused_recurrent_gated_delta_rule_packed_decode_kernel",69,72475940418377,72475940419937,0,0,116,4,48,64,1,1,256,48,1
"KERNEL_DISPATCH","Agent 2",1,0,1,70,754,"fused_recurrent_gated_delta_rule_packed_decode_kernel",70,72475940450859,72475940452539,0,0,116,4,48,64,1,1,256,48,1
"KERNEL_DISPATCH","Agent 2",1,0,1,71,754,"fused_recurrent_gated_delta_rule_packed_decode_kernel",71,72475940484141,72475940485701,0,0,116,4,48,64,1,1,256,48,1
"KERNEL_DISPATCH","Agent 2",1,0,1,72,754,"fused_recurrent_gated_delta_rule_packed_decode_kernel",72,72475940515942,72475940517503,0,0,116,4,48,64,1,1,256,48,1
"KERNEL_DISPATCH","Agent 2",1,0,1,73,754,"fused_recurrent_gated_delta_rule_packed_decode_kernel",73,72475940547704,72475940549344,0,0,116,4,48,64,1,1,256,48,1
"KERNEL_DISPATCH","Agent 2",1,0,1,74,754,"fused_recurrent_gated_delta_rule_packed_decode_kernel",74,72475940579346,72475940580986,0,0,116,4,48,64,1,1,256,48,1
"KERNEL_DISPATCH","Agent 2",1,0,1,75,754,"fused_recurrent_gated_delta_rule_packed_decode_kernel",75,72475940611868,72475940613428,0,0,116,4,48,64,1,1,256,48,1
"KERNEL_DISPATCH","Agent 2",1,0,1,76,754,"fused_recurrent_gated_delta_rule_packed_decode_kernel",76,72475940643550,72475940645110,0,0,116,4,48,64,1,1,256,48,1
"KERNEL_DISPATCH","Agent 2",1,0,1,77,754,"fused_recurrent_gated_delta_rule_packed_decode_kernel",77,72475940675031,72475940676591,0,0,116,4,48,64,1,1,256,48,1
"KERNEL_DISPATCH","Agent 2",1,0,1,78,753,"_causal_conv1d_update_kernel",78,72475940757716,72475940758836,0,0,24,0,48,256,1,1,256,40,1
"KERNEL_DISPATCH","Agent 2",1,0,1,79,754,"fused_recurrent_gated_delta_rule_packed_decode_kernel",79,72475940798558,72475940800118,0,0,116,4,48,64,1,1,256,48,1
"KERNEL_DISPATCH","Agent 2",1,0,1,80,753,"_causal_conv1d_update_kernel",80,72475940830640,72475940831640,0,0,24,0,48,256,1,1,256,40,1
"KERNEL_DISPATCH","Agent 2",1,0,1,81,754,"fused_recurrent_gated_delta_rule_packed_decode_kernel",81,72475940868402,72475940869962,0,0,116,4,48,64,1,1,256,48,1
"KERNEL_DISPATCH","Agent 2",1,0,1,82,753,"_causal_conv1d_update_kernel",82,72475940898244,72475940899364,0,0,24,0,48,256,1,1,256,40,1
"KERNEL_DISPATCH","Agent 2",1,0,1,83,754,"fused_recurrent_gated_delta_rule_packed_decode_kernel",83,72475940934326,72475940935886,0,0,116,4,48,64,1,1,256,48,1
"KERNEL_DISPATCH","Agent 2",1,0,1,84,753,"_causal_conv1d_update_kernel",84,72475940963047,72475940964087,0,0,24,0,48,256,1,1,256,40,1
"KERNEL_DISPATCH","Agent 2",1,0,1,85,754,"fused_recurrent_gated_delta_rule_packed_decode_kernel",85,72475940999249,72475941000809,0,0,116,4,48,64,1,1,256,48,1
"KERNEL_DISPATCH","Agent 2",1,0,1,86,753,"_causal_conv1d_update_kernel",86,72475941032891,72475941034011,0,0,24,0,48,256,1,1,256,40,1
"KERNEL_DISPATCH","Agent 2",1,0,1,87,754,"fused_recurrent_gated_delta_rule_packed_decode_kernel",87,72475941073613,72475941075173,0,0,116,4,48,64,1,1,256,48,1
"KERNEL_DISPATCH","Agent 2",1,0,1,88,753,"_causal_conv1d_update_kernel",88,72475941102695,72475941103735,0,0,24,0,48,256,1,1,256,40,1
"KERNEL_DISPATCH","Agent 2",1,0,1,89,754,"fused_recurrent_gated_delta_rule_packed_decode_kernel",89,72475941138577,72475941140177,0,0,116,4,48,64,1,1,256,48,1
"KERNEL_DISPATCH","Agent 2",1,0,1,90,753,"_causal_conv1d_update_kernel",90,72475941167178,72475941168259,0,0,24,0,48,256,1,1,256,40,1
"KERNEL_DISPATCH","Agent 2",1,0,1,91,754,"fused_recurrent_gated_delta_rule_packed_decode_kernel",91,72475941201500,72475941203140,0,0,116,4,48,64,1,1,256,48,1
"KERNEL_DISPATCH","Agent 2",1,0,1,92,753,"_causal_conv1d_update_kernel",92,72475941229382,72475941230462,0,0,24,0,48,256,1,1,256,40,1
"KERNEL_DISPATCH","Agent 2",1,0,1,93,754,"fused_recurrent_gated_delta_rule_packed_decode_kernel",93,72475941264664,72475941266224,0,0,116,4,48,64,1,1,256,48,1
"KERNEL_DISPATCH","Agent 2",1,0,1,94,753,"_causal_conv1d_update_kernel",94,72475941338988,72475941340148,0,0,24,0,48,256,1,1,256,40,1
"KERNEL_DISPATCH","Agent 2",1,0,1,95,754,"fused_recurrent_gated_delta_rule_packed_decode_kernel",95,72475941377630,72475941379190,0,0,116,4,48,64,1,1,256,48,1
"KERNEL_DISPATCH","Agent 2",1,0,1,96,753,"_causal_conv1d_update_kernel",96,72475941406712,72475941407832,0,0,24,0,48,256,1,1,256,40,1
"KERNEL_DISPATCH","Agent 2",1,0,1,97,754,"fused_recurrent_gated_delta_rule_packed_decode_kernel",97,72475941442114,72475941443634,0,0,116,4,48,64,1,1,256,48,1
"KERNEL_DISPATCH","Agent 2",1,0,1,98,753,"_causal_conv1d_update_kernel",98,72475941470715,72475941471875,0,0,24,0,48,256,1,1,256,40,1
"KERNEL_DISPATCH","Agent 2",1,0,1,99,754,"fused_recurrent_gated_delta_rule_packed_decode_kernel",99,72475941506357,72475941507917,0,0,116,4,48,64,1,1,256,48,1
"KERNEL_DISPATCH","Agent 2",1,0,1,100,753,"_causal_conv1d_update_kernel",100,72475941534919,72475941536079,0,0,24,0,48,256,1,1,256,40,1
"KERNEL_DISPATCH","Agent 2",1,0,1,101,754,"fused_recurrent_gated_delta_rule_packed_decode_kernel",101,72475941570721,72475941572241,0,0,116,4,48,64,1,1,256,48,1
"KERNEL_DISPATCH","Agent 2",1,0,1,102,753,"_causal_conv1d_update_kernel",102,72475941599482,72475941600642,0,0,24,0,48,256,1,1,256,40,1
"KERNEL_DISPATCH","Agent 2",1,0,1,103,754,"fused_recurrent_gated_delta_rule_packed_decode_kernel",103,72475941634004,72475941635524,0,0,116,4,48,64,1,1,256,48,1
"KERNEL_DISPATCH","Agent 2",1,0,1,104,753,"_causal_conv1d_update_kernel",104,72475941662606,72475941663726,0,0,24,0,48,256,1,1,256,40,1
"KERNEL_DISPATCH","Agent 2",1,0,1,105,754,"fused_recurrent_gated_delta_rule_packed_decode_kernel",105,72475941697808,72475941699368,0,0,116,4,48,64,1,1,256,48,1
"KERNEL_DISPATCH","Agent 2",1,0,1,106,753,"_causal_conv1d_update_kernel",106,72475941726729,72475941727769,0,0,24,0,48,256,1,1,256,40,1
"KERNEL_DISPATCH","Agent 2",1,0,1,107,754,"fused_recurrent_gated_delta_rule_packed_decode_kernel",107,72475941761771,72475941763331,0,0,116,4,48,64,1,1,256,48,1
"KERNEL_DISPATCH","Agent 2",1,0,1,108,753,"_causal_conv1d_update_kernel",108,72475941789893,72475941791013,0,0,24,0,48,256,1,1,256,40,1
"KERNEL_DISPATCH","Agent 2",1,0,1,109,754,"fused_recurrent_gated_delta_rule_packed_decode_kernel",109,72475941824775,72475941826295,0,0,116,4,48,64,1,1,256,48,1
"KERNEL_DISPATCH","Agent 2",1,0,1,110,753,"_causal_conv1d_update_kernel",110,72475941852656,72475941853776,0,0,24,0,48,256,1,1,256,40,1
"KERNEL_DISPATCH","Agent 2",1,0,1,111,754,"fused_recurrent_gated_delta_rule_packed_decode_kernel",111,72475941887538,72475941889098,0,0,116,4,48,64,1,1,256,48,1
"KERNEL_DISPATCH","Agent 2",1,0,1,112,753,"_causal_conv1d_update_kernel",112,72475941915420,72475941916540,0,0,24,0,48,256,1,1,256,40,1
"KERNEL_DISPATCH","Agent 2",1,0,1,113,754,"fused_recurrent_gated_delta_rule_packed_decode_kernel",113,72475941950422,72475941951982,0,0,116,4,48,64,1,1,256,48,1
"KERNEL_DISPATCH","Agent 2",1,0,1,114,753,"_causal_conv1d_update_kernel",114,72475941978663,72475941979783,0,0,24,0,48,256,1,1,256,40,1
"KERNEL_DISPATCH","Agent 2",1,0,1,115,754,"fused_recurrent_gated_delta_rule_packed_decode_kernel",115,72475942041227,72475942042787,0,0,116,4,48,64,1,1,256,48,1
"KERNEL_DISPATCH","Agent 2",1,0,1,116,753,"_causal_conv1d_update_kernel",116,72475942071108,72475942072229,0,0,24,0,48,256,1,1,256,40,1
"KERNEL_DISPATCH","Agent 2",1,0,1,117,754,"fused_recurrent_gated_delta_rule_packed_decode_kernel",117,72475942106710,72475942108351,0,0,116,4,48,64,1,1,256,48,1
"KERNEL_DISPATCH","Agent 2",1,0,1,118,753,"_causal_conv1d_update_kernel",118,72475942134832,72475942135952,0,0,24,0,48,256,1,1,256,40,1
"KERNEL_DISPATCH","Agent 2",1,0,1,119,754,"fused_recurrent_gated_delta_rule_packed_decode_kernel",119,72475942174794,72475942176354,0,0,116,4,48,64,1,1,256,48,1
"KERNEL_DISPATCH","Agent 2",1,0,1,120,753,"_causal_conv1d_update_kernel",120,72475942202876,72475942204036,0,0,24,0,48,256,1,1,256,40,1
"KERNEL_DISPATCH","Agent 2",1,0,1,121,754,"fused_recurrent_gated_delta_rule_packed_decode_kernel",121,72475942237678,72475942239238,0,0,116,4,48,64,1,1,256,48,1
"KERNEL_DISPATCH","Agent 2",1,0,1,122,753,"_causal_conv1d_update_kernel",122,72475942265879,72475942267039,0,0,24,0,48,256,1,1,256,40,1
"KERNEL_DISPATCH","Agent 2",1,0,1,123,754,"fused_recurrent_gated_delta_rule_packed_decode_kernel",123,72475942301361,72475942302921,0,0,116,4,48,64,1,1,256,48,1
"KERNEL_DISPATCH","Agent 2",1,0,1,124,753,"_causal_conv1d_update_kernel",124,72475942330003,72475942331123,0,0,24,0,48,256,1,1,256,40,1
"KERNEL_DISPATCH","Agent 2",1,0,1,125,754,"fused_recurrent_gated_delta_rule_packed_decode_kernel",125,72475942365325,72475942366845,0,0,116,4,48,64,1,1,256,48,1
"KERNEL_DISPATCH","Agent 2",1,0,1,126,753,"_causal_conv1d_update_kernel",126,72475942395166,72475942396286,0,0,24,0,48,256,1,1,256,40,1
"KERNEL_DISPATCH","Agent 2",1,0,1,127,754,"fused_recurrent_gated_delta_rule_packed_decode_kernel",127,72475942432288,72475942433929,0,0,116,4,48,64,1,1,256,48,1
"KERNEL_DISPATCH","Agent 2",1,0,1,128,753,"_causal_conv1d_update_kernel",128,72475942460650,72475942461810,0,0,24,0,48,256,1,1,256,40,1
"KERNEL_DISPATCH","Agent 2",1,0,1,129,754,"fused_recurrent_gated_delta_rule_packed_decode_kernel",129,72475942496732,72475942498292,0,0,116,4,48,64,1,1,256,48,1
"KERNEL_DISPATCH","Agent 2",1,0,1,130,753,"_causal_conv1d_update_kernel",130,72475942524814,72475942525974,0,0,24,0,48,256,1,1,256,40,1
"KERNEL_DISPATCH","Agent 2",1,0,1,131,754,"fused_recurrent_gated_delta_rule_packed_decode_kernel",131,72475942559855,72475942561416,0,0,116,4,48,64,1,1,256,48,1
"KERNEL_DISPATCH","Agent 2",1,0,1,132,753,"_causal_conv1d_update_kernel",132,72475942589057,72475942590177,0,0,24,0,48,256,1,1,256,40,1
"KERNEL_DISPATCH","Agent 2",1,0,1,133,754,"fused_recurrent_gated_delta_rule_packed_decode_kernel",133,72475942624739,72475942626299,0,0,116,4,48,64,1,1,256,48,1
"KERNEL_DISPATCH","Agent 2",1,0,1,134,753,"_causal_conv1d_update_kernel",134,72475942653141,72475942654301,0,0,24,0,48,256,1,1,256,40,1
"KERNEL_DISPATCH","Agent 2",1,0,1,135,754,"fused_recurrent_gated_delta_rule_packed_decode_kernel",135,72475942688503,72475942690023,0,0,116,4,48,64,1,1,256,48,1
"KERNEL_DISPATCH","Agent 2",1,0,1,136,753,"_causal_conv1d_update_kernel",136,72475942716304,72475942717424,0,0,24,0,48,256,1,1,256,40,1
"KERNEL_DISPATCH","Agent 2",1,0,1,137,754,"fused_recurrent_gated_delta_rule_packed_decode_kernel",137,72475942751746,72475942753306,0,0,116,4,48,64,1,1,256,48,1
"KERNEL_DISPATCH","Agent 2",1,0,1,138,753,"_causal_conv1d_update_kernel",138,72475942780308,72475942781468,0,0,24,0,48,256,1,1,256,40,1
"KERNEL_DISPATCH","Agent 2",1,0,1,139,754,"fused_recurrent_gated_delta_rule_packed_decode_kernel",139,72475942814910,72475942816550,0,0,116,4,48,64,1,1,256,48,1
"KERNEL_DISPATCH","Agent 2",1,0,1,140,753,"_causal_conv1d_update_kernel",140,72475942842711,72475942843831,0,0,24,0,48,256,1,1,256,40,1
"KERNEL_DISPATCH","Agent 2",1,0,1,141,754,"fused_recurrent_gated_delta_rule_packed_decode_kernel",141,72475942877833,72475942879393,0,0,116,4,48,64,1,1,256,48,1
