concurrency,conversation_id,root_correlation_id,turn_index,source_kind,agent_depth,input_length,output_length,output_band,ttft_ms,request_latency_ms,decode_duration_ms,request_avg_itl_ms
1,3531533f1f293048fc9691b112feafc44e62,5f42e72c-c11c-43b7-85b6-0bed1a00005a,6,weka_main,0,50766.0,311.0,257-1024,303.46126699999996,37727.204613,37423.743345999996,120.72175272903226
1,3531533f1f293048fc9691b112feafc44e62,5f42e72c-c11c-43b7-85b6-0bed1a00005a,7,weka_main,0,52571.0,194.0,65-256,1117.035338,25112.86108,23995.825741999997,124.33070332642487
1,3531533f1f293048fc9691b112feafc44e62,5f42e72c-c11c-43b7-85b6-0bed1a00005a,8,weka_main,0,55460.0,444.0,257-1024,1219.588448,58668.355393,57448.766944999996,129.68118949209932
1,3531533f1f293048fc9691b112feafc44e62,5f42e72c-c11c-43b7-85b6-0bed1a00005a,9,weka_main,0,55921.0,279.0,257-1024,618.184709,36708.300991,36090.116281999995,129.8205621654676
1,3531533f1f293048fc9691b112feafc44e62,5f42e72c-c11c-43b7-85b6-0bed1a00005a,10,weka_main,0,56572.0,372.0,257-1024,599.97879,49302.151082,48702.172291999996,131.27270159568732
1,3531533f1f293048fc9691b112feafc44e62,5f42e72c-c11c-43b7-85b6-0bed1a00005a,11,weka_main,0,57548.0,12.0,1-64,630.1231779999999,2071.441949,1441.318771,131.0289791818182
1,3531533f1f293048fc9691b112feafc44e62,5f42e72c-c11c-43b7-85b6-0bed1a00005a,12,weka_main,0,57098.0,477.0,257-1024,435.52824599999997,63321.084641999994,62885.556396,132.11251343697478
1,3531533f1f293048fc9691b112feafc44e62,5f42e72c-c11c-43b7-85b6-0bed1a00005a,13,weka_main,0,58774.0,570.0,257-1024,1026.026205,77973.676855,76947.65065,135.23312943760985
1,3531533f1f293048fc9691b112feafc44e62::aux:001,5f42e72c-c11c-43b7-85b6-0bed1a00005a,0,weka_flat,1,20920.0,161.0,65-256,4459.294909,15102.276715999998,10642.981807,66.51863629375
1,3531533f1f293048fc9691b112feafc44e62,5f42e72c-c11c-43b7-85b6-0bed1a00005a,14,weka_main,0,60641.0,736.0,257-1024,1232.2843619999999,103224.133622,101991.84925999999,138.76442076190477
1,3531533f1f293048fc9691b112feafc44e62,5f42e72c-c11c-43b7-85b6-0bed1a00005a,15,weka_main,0,62379.0,247.0,65-256,911.870506,35708.271411,34796.400904999995,141.44878416666666
1,3531533f1f293048fc9691b112feafc44e62,5f42e72c-c11c-43b7-85b6-0bed1a00005a,16,weka_main,0,62713.0,88.0,65-256,488.87289999999996,12818.106472,12329.233572,141.71532841379312
1,3531533f1f293048fc9691b112feafc44e62,5f42e72c-c11c-43b7-85b6-0bed1a00005a,17,weka_main,0,63366.0,357.0,257-1024,837.296302,51872.654581999996,51035.35828,143.35774797752808
1,3531533f1f293048fc9691b112feafc44e62,5f42e72c-c11c-43b7-85b6-0bed1a00005a,18,weka_main,0,63891.0,700.0,257-1024,695.782033,101765.04643399999,101069.264401,144.59122231902717
1,3531533f1f293048fc9691b112feafc44e62,5f42e72c-c11c-43b7-85b6-0bed1a00005a,19,weka_main,0,64864.0,94.0,65-256,720.995771,14266.178257,13545.182486,145.64712350537633
1,528995cdde1ebf15ccf0b79aec42dba31ce2,a3dcb784-1ced-4a32-9cf2-790aed00f293,0,weka_main,0,1732.0,16.0,1-64,347.802507,818.127289,470.32478199999997,31.354985466666662
1,528995cdde1ebf15ccf0b79aec42dba31ce2,a3dcb784-1ced-4a32-9cf2-790aed00f293,1,weka_main,0,18801.0,348.0,257-1024,3983.966465,25782.551637,21798.585172,62.820130178674354
1,528995cdde1ebf15ccf0b79aec42dba31ce2,a3dcb784-1ced-4a32-9cf2-790aed00f293,2,weka_main,0,20093.0,781.0,257-1024,555.468445,51700.324212,51144.855767,65.57032790641026
1,528995cdde1ebf15ccf0b79aec42dba31ce2,a3dcb784-1ced-4a32-9cf2-790aed00f293,3,weka_main,0,22093.0,875.0,257-1024,740.75792,63239.253345,62498.495424999994,71.50857600114416
1,528995cdde1ebf15ccf0b79aec42dba31ce2::aux:000,a3dcb784-1ced-4a32-9cf2-790aed00f293,0,weka_flat,1,22067.0,1047.0,>1024,1508.806275,75136.741375,73627.9351,70.38999531548758
2,528995cdde1ebf15ccf0b79aec42dba31ce2,a83753f1-dbd2-4e60-b600-4c6d6878a7cb,19,weka_main,0,38748.0,77.0,65-256,505.28995499999996,8001.072447,7495.782491999999,98.628717
2,528995cdde1ebf15ccf0b79aec42dba31ce2,a83753f1-dbd2-4e60-b600-4c6d6878a7cb,20,weka_main,0,40744.0,826.0,257-1024,845.184497,86483.790084,85638.605587,103.80437040848484
2,528995cdde1ebf15ccf0b79aec42dba31ce2,a83753f1-dbd2-4e60-b600-4c6d6878a7cb,21,weka_main,0,42616.0,299.0,257-1024,1017.610866,32816.813043999995,31799.202178,106.70873214093959
2,528995cdde1ebf15ccf0b79aec42dba31ce2,a83753f1-dbd2-4e60-b600-4c6d6878a7cb,22,weka_main,0,43523.0,848.0,257-1024,558.6309749999999,92158.28778099999,91599.656806,108.1459938677686
2,768086c44de172b3719b40f29aec56303892,ecfe1797-25c8-4b7f-aa6d-5d2addb3c611,0,weka_main,0,452.0,18.0,1-64,112.58497399999999,607.009086,494.424112,29.083771294117646
2,768086c44de172b3719b40f29aec56303892,ecfe1797-25c8-4b7f-aa6d-5d2addb3c611,1,weka_main,0,28982.0,2304.0,>1024,6565.100981,197908.733676,191343.63269499998,83.08451267694312
2,3531533f1f293048fc9691b112feafc44e62,1f99fd88-985b-4bf5-a35e-efe911f5a1be,6,weka_main,0,50767.0,311.0,257-1024,309.116498,37669.161910999996,37360.045413,120.51627552580645
2,3531533f1f293048fc9691b112feafc44e62,1f99fd88-985b-4bf5-a35e-efe911f5a1be,7,weka_main,0,52572.0,194.0,65-256,1112.596867,24972.252567,23859.6557,123.6251590673575
2,3531533f1f293048fc9691b112feafc44e62,1f99fd88-985b-4bf5-a35e-efe911f5a1be,8,weka_main,0,55461.0,444.0,257-1024,1217.4421069999999,58424.141011,57206.698904,129.13476050564333
2,3531533f1f293048fc9691b112feafc44e62,1f99fd88-985b-4bf5-a35e-efe911f5a1be,9,weka_main,0,55922.0,279.0,257-1024,618.21982,36693.828069999996,36075.60825,129.768375
2,3531533f1f293048fc9691b112feafc44e62,1f99fd88-985b-4bf5-a35e-efe911f5a1be,10,weka_main,0,56573.0,372.0,257-1024,600.212237,49226.759894999996,48626.547657999996,131.06886161185983
2,3531533f1f293048fc9691b112feafc44e62,1f99fd88-985b-4bf5-a35e-efe911f5a1be,11,weka_main,0,57549.0,12.0,1-64,625.744593,2068.648338,1442.9037449999998,131.17306772727272
2,768086c44de172b3719b40f29aec56303892,ecfe1797-25c8-4b7f-aa6d-5d2addb3c611,2,weka_main,0,31234.0,880.0,257-1024,975.5264109999999,76421.5717,75446.045289,85.83167837201366
2,768086c44de172b3719b40f29aec56303892::aux:003,ecfe1797-25c8-4b7f-aa6d-5d2addb3c611,0,weka_flat,1,12925.0,197.0,65-256,7893.475520999999,21038.840615999998,13145.365095,67.06818926020408
2,768086c44de172b3719b40f29aec56303892::aux:002,ecfe1797-25c8-4b7f-aa6d-5d2addb3c611,0,weka_flat,1,20605.0,210.0,65-256,5150.053809999999,21787.945303,16637.891493,79.60713633014353
2,768086c44de172b3719b40f29aec56303892::aux:001,ecfe1797-25c8-4b7f-aa6d-5d2addb3c611,0,weka_flat,1,4866.0,248.0,65-256,1073.092779,23703.5087,22630.415921,91.62111708906883
2,768086c44de172b3719b40f29aec56303892::aux:000,ecfe1797-25c8-4b7f-aa6d-5d2addb3c611,0,weka_flat,1,5252.0,381.0,257-1024,1014.950962,29573.736532,28558.78557,75.15469886842105
2,3531533f1f293048fc9691b112feafc44e62,1f99fd88-985b-4bf5-a35e-efe911f5a1be,12,weka_main,0,57099.0,477.0,257-1024,735.2193159999999,64080.501655,63345.282339,133.07832424159665
4,979ae6377c88be0e93531cdb9632795b6a7a::fa:000,c884f99d-a11c-41d1-a85b-aac975f1e463,3,weka_flat,1,46611.0,232.0,65-256,560.7296279999999,28220.184329,27659.454701,119.73789913852814
4,979ae6377c88be0e93531cdb9632795b6a7a::fa:000,c884f99d-a11c-41d1-a85b-aac975f1e463,4,weka_flat,1,46942.0,29.0,1-64,743.492847,4079.715119,3336.222272,119.15079542857143
4,768086c44de172b3719b40f29aec56303892,ebc2a463-7beb-438e-a360-068040cbc5ac,12,weka_main,0,49776.0,110.0,65-256,1929.1520879999998,15893.771229,13964.619141,128.1157719357798
4,979ae6377c88be0e93531cdb9632795b6a7a::fa:000,c884f99d-a11c-41d1-a85b-aac975f1e463,5,weka_flat,1,47530.0,9.0,1-64,1182.4819599999998,2110.5857889999997,928.1038289999999,116.01297862499999
4,979ae6377c88be0e93531cdb9632795b6a7a::fa:000,c884f99d-a11c-41d1-a85b-aac975f1e463,6,weka_flat,1,46942.0,163.0,65-256,387.020468,18773.243480999998,18386.223013,113.4952037839506
4,528995cdde1ebf15ccf0b79aec42dba31ce2,27f12eaf-a24b-46d5-a896-1ccd027f8237,19,weka_main,0,38748.0,77.0,65-256,506.212113,7997.4006309999995,7491.188518,98.5682699736842
4,979ae6377c88be0e93531cdb9632795b6a7a::fa:000,c884f99d-a11c-41d1-a85b-aac975f1e463,7,weka_flat,1,47916.0,96.0,65-256,745.9711149999999,11684.160896,10938.189781,115.13883979999999
4,979ae6377c88be0e93531cdb9632795b6a7a::fa:000,c884f99d-a11c-41d1-a85b-aac975f1e463,8,weka_flat,1,48183.0,161.0,65-256,258.574215,19717.551,19458.976785,121.61860490625
4,979ae6377c88be0e93531cdb9632795b6a7a::fa:000,c884f99d-a11c-41d1-a85b-aac975f1e463,9,weka_flat,1,48453.0,87.0,65-256,632.348606,10684.409663999999,10052.061058,116.88443090697675
4,979ae6377c88be0e93531cdb9632795b6a7a::fa:000,c884f99d-a11c-41d1-a85b-aac975f1e463,10,weka_flat,1,49103.0,10.0,1-64,1036.792482,2085.0610269999997,1048.268545,116.47428277777777
4,528995cdde1ebf15ccf0b79aec42dba31ce2,27f12eaf-a24b-46d5-a896-1ccd027f8237,20,weka_main,0,40744.0,826.0,257-1024,1345.466073,89242.542518,87897.076445,106.54191084242424
4,528995cdde1ebf15ccf0b79aec42dba31ce2,27f12eaf-a24b-46d5-a896-1ccd027f8237,21,weka_main,0,42616.0,299.0,257-1024,1020.0792379999999,32551.082167999997,31531.00293,105.80873466442952
4,979ae6377c88be0e93531cdb9632795b6a7a::fa:000,c884f99d-a11c-41d1-a85b-aac975f1e463,11,weka_flat,1,48594.0,73.0,65-256,744.435471,9172.60794,8428.172469,117.05795095833332
4,bbdcb12440a7ab3496b9fac8b5f9824b1672,968951b3-9ccd-4b7a-9d51-609d209f9d05,0,weka_main,0,387.0,17.0,1-64,393.038149,2134.808342,1741.7701929999998,108.86063706249999
4,528995cdde1ebf15ccf0b79aec42dba31ce2,27f12eaf-a24b-46d5-a896-1ccd027f8237,22,weka_main,0,43523.0,848.0,257-1024,564.076545,112267.493252,111703.416707,131.8812475879575
4,c4b21b8d9ec3f9eb0b1235d8ff1e33ae4fdc,21bde26d-8e96-4d06-aa75-a29c181de298,0,weka_main,0,449.0,25.0,1-64,428.519771,3335.845573,2907.325802,121.13857508333332
4,c4b21b8d9ec3f9eb0b1235d8ff1e33ae4fdc,21bde26d-8e96-4d06-aa75-a29c181de298,1,weka_main,0,40373.0,218.0,65-256,14313.048867,40662.005056,26348.956189,121.42376123963133
4,c4b21b8d9ec3f9eb0b1235d8ff1e33ae4fdc,21bde26d-8e96-4d06-aa75-a29c181de298,2,weka_main,0,41986.0,190.0,65-256,1324.708439,24352.612826999997,23027.904388,121.84076395767195
4,c4b21b8d9ec3f9eb0b1235d8ff1e33ae4fdc,21bde26d-8e96-4d06-aa75-a29c181de298,3,weka_main,0,42129.0,193.0,65-256,645.773293,24103.047687,23457.274394,122.17330413541667
4,bbdcb12440a7ab3496b9fac8b5f9824b1672,968951b3-9ccd-4b7a-9d51-609d209f9d05,1,weka_main,0,50358.0,1183.0,>1024,18629.778623,175427.607894,156797.829271,132.65467789424704
4,bbdcb12440a7ab3496b9fac8b5f9824b1672::sa:subagent_001_59efc8e7,968951b3-9ccd-4b7a-9d51-609d209f9d05,0,weka_subagent,1,26871.0,115.0,65-256,8281.943629,20817.270237999997,12535.326609,109.95900534210527
4,bbdcb12440a7ab3496b9fac8b5f9824b1672::sa:subagent_001_59efc8e7,968951b3-9ccd-4b7a-9d51-609d209f9d05,1,weka_subagent,1,27782.0,101.0,65-256,828.541521,11839.720417999999,11011.178897,110.11178896999999
4,c4b21b8d9ec3f9eb0b1235d8ff1e33ae4fdc,21bde26d-8e96-4d06-aa75-a29c181de298,4,weka_main,0,44316.0,444.0,257-1024,1845.911762,59249.752471,57403.840709,129.57977586681716
4,bbdcb12440a7ab3496b9fac8b5f9824b1672::sa:subagent_001_59efc8e7,968951b3-9ccd-4b7a-9d51-609d209f9d05,2,weka_subagent,1,28563.0,86.0,65-256,819.545273,10029.874808999999,9210.329536,108.35681807058823
4,bbdcb12440a7ab3496b9fac8b5f9824b1672::sa:subagent_001_59efc8e7,968951b3-9ccd-4b7a-9d51-609d209f9d05,3,weka_subagent,1,29726.0,166.0,65-256,1016.2283769999999,19222.92526,18206.696883,110.34361747272726
4,bbdcb12440a7ab3496b9fac8b5f9824b1672::sa:subagent_001_59efc8e7,968951b3-9ccd-4b7a-9d51-609d209f9d05,4,weka_subagent,1,34154.0,135.0,65-256,2405.380014,17237.297118,14831.917104,110.68594853731342
4,bbdcb12440a7ab3496b9fac8b5f9824b1672::sa:subagent_001_59efc8e7,968951b3-9ccd-4b7a-9d51-609d209f9d05,5,weka_subagent,1,35193.0,181.0,65-256,989.6100389999999,20977.507609,19987.897569999997,111.04387538888889
4,bbdcb12440a7ab3496b9fac8b5f9824b1672::sa:subagent_001_59efc8e7,968951b3-9ccd-4b7a-9d51-609d209f9d05,6,weka_subagent,1,36291.0,169.0,65-256,1124.092164,19834.701904999998,18710.609741,111.3726770297619
4,bbdcb12440a7ab3496b9fac8b5f9824b1672::sa:subagent_001_59efc8e7,968951b3-9ccd-4b7a-9d51-609d209f9d05,7,weka_subagent,1,37135.0,168.0,65-256,975.975916,19642.020485999998,18666.04457,111.7727219760479
4,c4b21b8d9ec3f9eb0b1235d8ff1e33ae4fdc,21bde26d-8e96-4d06-aa75-a29c181de298,5,weka_main,0,44647.0,1060.0,>1024,666.7464669999999,122732.483365,122065.73689799999,115.26509622096317
4,bbdcb12440a7ab3496b9fac8b5f9824b1672::sa:subagent_001_59efc8e7,968951b3-9ccd-4b7a-9d51-609d209f9d05,8,weka_subagent,1,37916.0,112.0,65-256,997.387745,13704.728921,12707.341176,114.48055113513513
4,bbdcb12440a7ab3496b9fac8b5f9824b1672::sa:subagent_001_59efc8e7,968951b3-9ccd-4b7a-9d51-609d209f9d05,9,weka_subagent,1,39399.0,144.0,65-256,1095.054025,16936.003678999998,15840.949654,110.7758717062937
4,c4b21b8d9ec3f9eb0b1235d8ff1e33ae4fdc,21bde26d-8e96-4d06-aa75-a29c181de298,6,weka_main,0,44915.0,193.0,65-256,927.590121,22863.686855,21936.096734,114.25050382291667
4,c4b21b8d9ec3f9eb0b1235d8ff1e33ae4fdc,21bde26d-8e96-4d06-aa75-a29c181de298,7,weka_main,0,45313.0,174.0,65-256,288.47106199999996,19915.729771,19627.258708999998,113.45236247976878
4,bbdcb12440a7ab3496b9fac8b5f9824b1672::sa:subagent_001_59efc8e7,968951b3-9ccd-4b7a-9d51-609d209f9d05,10,weka_subagent,1,39983.0,178.0,65-256,722.867175,20362.964432,19640.097256999998,110.9610014519774
4,bbdcb12440a7ab3496b9fac8b5f9824b1672::sa:subagent_001_59efc8e7,968951b3-9ccd-4b7a-9d51-609d209f9d05,11,weka_subagent,1,40573.0,111.0,65-256,560.922383,11772.411634,11211.489250999999,101.92262955454544
4,bbdcb12440a7ab3496b9fac8b5f9824b1672::sa:subagent_001_59efc8e7,968951b3-9ccd-4b7a-9d51-609d209f9d05,12,weka_subagent,1,47245.0,190.0,65-256,2569.830862,24127.558015,21557.727153,114.06204842857143
4,bbdcb12440a7ab3496b9fac8b5f9824b1672::sa:subagent_001_59efc8e7,968951b3-9ccd-4b7a-9d51-609d209f9d05,13,weka_subagent,1,47574.0,124.0,65-256,283.267893,14369.842475,14086.574582,114.52499660162601
4,bbdcb12440a7ab3496b9fac8b5f9824b1672::sa:subagent_001_59efc8e7,968951b3-9ccd-4b7a-9d51-609d209f9d05,14,weka_subagent,1,49571.0,140.0,65-256,1084.861245,17516.674694999998,16431.813449999998,118.21448525179855
4,bbdcb12440a7ab3496b9fac8b5f9824b1672::sa:subagent_001_59efc8e7,968951b3-9ccd-4b7a-9d51-609d209f9d05,15,weka_subagent,1,51500.0,192.0,65-256,837.0163329999999,24083.845052999997,23246.828719999998,121.71114513089005
4,bbdcb12440a7ab3496b9fac8b5f9824b1672::sa:subagent_001_59efc8e7,968951b3-9ccd-4b7a-9d51-609d209f9d05,16,weka_subagent,1,52664.0,140.0,65-256,791.813091,17991.212670999997,17199.399579999998,123.73668762589928
4,bbdcb12440a7ab3496b9fac8b5f9824b1672::sa:subagent_001_59efc8e7,968951b3-9ccd-4b7a-9d51-609d209f9d05,17,weka_subagent,1,54085.0,155.0,65-256,785.3041059999999,20248.371871,19463.067765,126.3835569155844
4,bbdcb12440a7ab3496b9fac8b5f9824b1672::sa:subagent_001_59efc8e7,968951b3-9ccd-4b7a-9d51-609d209f9d05,18,weka_subagent,1,55054.0,142.0,65-256,811.8014939999999,18864.16737,18052.365876,128.03096365957447
4,e3dbfa26bddbcb04c48a73dab3fa353d45f4,929897dd-1c23-4aad-b1b0-9753849035a0,0,weka_main,0,452.0,18.0,1-64,112.810642,607.634906,494.82426399999997,29.10730964705882
8,bbdcb12440a7ab3496b9fac8b5f9824b1672::sa:subagent_001_59efc8e7,a4880207-57be-4484-a1fa-51fa1684920c,13,weka_subagent,1,47575.0,124.0,65-256,288.307023,14406.07719,14117.770166999999,114.77861924390244
8,bbdcb12440a7ab3496b9fac8b5f9824b1672::sa:subagent_001_59efc8e7,a4880207-57be-4484-a1fa-51fa1684920c,14,weka_subagent,1,49572.0,140.0,65-256,1091.18193,17539.200279,16448.018348999998,118.3310672589928
8,bbdcb12440a7ab3496b9fac8b5f9824b1672::sa:subagent_001_59efc8e7,a4880207-57be-4484-a1fa-51fa1684920c,15,weka_subagent,1,51501.0,192.0,65-256,840.419732,24718.124566,23877.704834,125.01416143455498
8,c4b21b8d9ec3f9eb0b1235d8ff1e33ae4fdc,76ce25b7-146b-4520-bdc5-ab768f1387da,21,weka_main,0,51192.0,181.0,65-256,1072.994634,24115.403004,23042.408369999997,128.01337983333332
8,bbdcb12440a7ab3496b9fac8b5f9824b1672::sa:subagent_001_59efc8e7,a4880207-57be-4484-a1fa-51fa1684920c,16,weka_subagent,1,52665.0,140.0,65-256,1285.908504,18559.495253999998,17273.58675,124.27040827338129
8,bbdcb12440a7ab3496b9fac8b5f9824b1672::sa:subagent_001_59efc8e7,a4880207-57be-4484-a1fa-51fa1684920c,17,weka_subagent,1,54086.0,155.0,65-256,782.380996,21044.405735,20262.024739,131.57158921428572
8,bbdcb12440a7ab3496b9fac8b5f9824b1672::sa:subagent_001_59efc8e7,a4880207-57be-4484-a1fa-51fa1684920c,18,weka_subagent,1,55055.0,142.0,65-256,1233.562878,21553.537253,20319.974374999998,144.1132934397163
8,528995cdde1ebf15ccf0b79aec42dba31ce2,047a5b77-41b3-494d-9dfe-1bada2cec95f,0,weka_main,0,1731.0,16.0,1-64,778.3829559999999,2628.319927,1849.9369709999999,123.3291314
8,979ae6377c88be0e93531cdb9632795b6a7a::fa:000,97f3d286-23bd-4550-a69d-b8a5f0434348,3,weka_flat,1,46608.0,232.0,65-256,973.589885,37225.473942,36251.884056999996,156.934563017316
8,768086c44de172b3719b40f29aec56303892,3f1ec66f-1f47-4ef9-85a4-5cd87ffeb9fb,12,weka_main,0,49779.0,110.0,65-256,2722.308295,21612.395738,18890.087443,173.30355452293577
8,979ae6377c88be0e93531cdb9632795b6a7a::fa:000,97f3d286-23bd-4550-a69d-b8a5f0434348,4,weka_flat,1,46939.0,29.0,1-64,868.933541,4316.496134,3447.5625929999997,123.1272354642857
8,979ae6377c88be0e93531cdb9632795b6a7a::fa:000,97f3d286-23bd-4550-a69d-b8a5f0434348,5,weka_flat,1,47527.0,9.0,1-64,927.6616409999999,1902.2135939999998,974.5519529999999,121.81899412499999
8,c4b21b8d9ec3f9eb0b1235d8ff1e33ae4fdc,76ce25b7-146b-4520-bdc5-ab768f1387da,22,weka_main,0,51525.0,424.0,257-1024,666.180804,62881.954212,62215.773407999994,147.0822066382979
8,528995cdde1ebf15ccf0b79aec42dba31ce2,047a5b77-41b3-494d-9dfe-1bada2cec95f,1,weka_main,0,18800.0,348.0,257-1024,6236.226255,37627.90322,31391.676965,90.46592785302595
8,979ae6377c88be0e93531cdb9632795b6a7a::fa:000,97f3d286-23bd-4550-a69d-b8a5f0434348,6,weka_flat,1,46939.0,163.0,65-256,620.401754,19538.600948,18918.199194,116.77900737037037
8,528995cdde1ebf15ccf0b79aec42dba31ce2,f7a78c61-7c86-49a0-8d6e-8337e995f66d,19,weka_main,0,38748.0,77.0,65-256,827.7177939999999,9367.241038,8539.523244,112.36214794736843
8,528995cdde1ebf15ccf0b79aec42dba31ce2,047a5b77-41b3-494d-9dfe-1bada2cec95f,2,weka_main,0,20092.0,781.0,257-1024,556.764746,60736.335642,60179.570896,77.15329602051281
8,979ae6377c88be0e93531cdb9632795b6a7a::fa:000,97f3d286-23bd-4550-a69d-b8a5f0434348,7,weka_flat,1,47913.0,96.0,65-256,746.262886,12924.889528,12178.626642,128.19606991578945
8,c4b21b8d9ec3f9eb0b1235d8ff1e33ae4fdc,76ce25b7-146b-4520-bdc5-ab768f1387da,23,weka_main,0,52179.0,220.0,65-256,1119.5018659999998,29097.979305999997,27978.47744,127.75560474885845
8,979ae6377c88be0e93531cdb9632795b6a7a::fa:000,97f3d286-23bd-4550-a69d-b8a5f0434348,8,weka_flat,1,48180.0,161.0,65-256,589.885778,20324.80002,19734.914242,123.3432140125
8,979ae6377c88be0e93531cdb9632795b6a7a::fa:000,97f3d286-23bd-4550-a69d-b8a5f0434348,9,weka_flat,1,48450.0,87.0,65-256,632.5281689999999,10698.166345,10065.638176,117.04230437209301
8,979ae6377c88be0e93531cdb9632795b6a7a::fa:000,97f3d286-23bd-4550-a69d-b8a5f0434348,10,weka_flat,1,49100.0,10.0,1-64,1037.922572,2089.7229429999998,1051.800371,116.8667078888889
8,c4b21b8d9ec3f9eb0b1235d8ff1e33ae4fdc,76ce25b7-146b-4520-bdc5-ab768f1387da,24,weka_main,0,52513.0,368.0,257-1024,709.0541539999999,46427.290454999995,45718.236301,124.57285095640326
8,528995cdde1ebf15ccf0b79aec42dba31ce2,f7a78c61-7c86-49a0-8d6e-8337e995f66d,20,weka_main,0,40744.0,826.0,257-1024,1180.0925459999999,99666.239638,98486.147092,119.37714799030302
8,528995cdde1ebf15ccf0b79aec42dba31ce2,f7a78c61-7c86-49a0-8d6e-8337e995f66d,21,weka_main,0,42616.0,299.0,257-1024,1785.894202,39188.224475999996,37402.330274,125.51117541610738
8,c4b21b8d9ec3f9eb0b1235d8ff1e33ae4fdc,76ce25b7-146b-4520-bdc5-ab768f1387da,25,weka_main,0,52843.0,697.0,257-1024,1076.002493,91965.820202,90889.817709,130.58881854741378
8,979ae6377c88be0e93531cdb9632795b6a7a::fa:000,97f3d286-23bd-4550-a69d-b8a5f0434348,11,weka_flat,1,48591.0,73.0,65-256,884.031611,9343.930622,8459.899011,117.49859737499999
8,768086c44de172b3719b40f29aec56303892,7fa23c27-e2f1-4bed-8fba-81cb37aca46b,0,weka_main,0,453.0,18.0,1-64,401.62280999999996,2260.856969,1859.2341589999999,109.36671523529411
8,528995cdde1ebf15ccf0b79aec42dba31ce2,047a5b77-41b3-494d-9dfe-1bada2cec95f,3,weka_main,0,22092.0,875.0,257-1024,1312.139307,110753.96039699999,109441.82109,125.2194749313501
8,528995cdde1ebf15ccf0b79aec42dba31ce2,f7a78c61-7c86-49a0-8d6e-8337e995f66d,22,weka_main,0,43523.0,848.0,257-1024,1437.8651889999999,105501.2248,104063.35961099999,122.8611093400236
8,979ae6377c88be0e93531cdb9632795b6a7a,d68bd8b2-812d-4e0d-bfac-2c5f40a70dd4,0,weka_main,0,196.0,17.0,1-64,275.63606599999997,1602.1732419999998,1326.537176,82.9085735
8,528995cdde1ebf15ccf0b79aec42dba31ce2::aux:000,047a5b77-41b3-494d-9dfe-1bada2cec95f,0,weka_flat,1,22066.0,1047.0,>1024,1679.487379,133531.637465,131852.15008599998,126.0536807705545
8,979ae6377c88be0e93531cdb9632795b6a7a,d68bd8b2-812d-4e0d-bfac-2c5f40a70dd4,1,weka_main,0,36522.0,170.0,65-256,10128.58101,26765.190445,16636.609435,98.44147594674556
8,979ae6377c88be0e93531cdb9632795b6a7a,d68bd8b2-812d-4e0d-bfac-2c5f40a70dd4,2,weka_main,0,37494.0,19.0,1-64,863.959245,2610.685568,1746.7263229999999,97.04035127777777
8,979ae6377c88be0e93531cdb9632795b6a7a,d68bd8b2-812d-4e0d-bfac-2c5f40a70dd4,3,weka_main,0,37955.0,9.0,1-64,747.567653,1526.840197,779.2725439999999,97.40906799999999
8,979ae6377c88be0e93531cdb9632795b6a7a,d68bd8b2-812d-4e0d-bfac-2c5f40a70dd4,4,weka_main,0,37494.0,134.0,65-256,537.5689649999999,13522.562871,12984.993906,97.63153312781955
8,979ae6377c88be0e93531cdb9632795b6a7a,d68bd8b2-812d-4e0d-bfac-2c5f40a70dd4,5,weka_main,0,38275.0,153.0,65-256,820.26229,15868.504445999999,15048.242155999998,99.00159313157894
8,c4b21b8d9ec3f9eb0b1235d8ff1e33ae4fdc,76ce25b7-146b-4520-bdc5-ab768f1387da,26,weka_main,0,53305.0,79.0,65-256,597.014636,11399.274449999999,10802.259814,138.49051043589742
8,528995cdde1ebf15ccf0b79aec42dba31ce2,047a5b77-41b3-494d-9dfe-1bada2cec95f,4,weka_main,0,23642.0,747.0,257-1024,806.343472,74522.584882,73716.24141,98.81533701072385
8,979ae6377c88be0e93531cdb9632795b6a7a,d68bd8b2-812d-4e0d-bfac-2c5f40a70dd4,6,weka_main,0,39116.0,95.0,65-256,1422.429691,11828.926881,10406.49719,110.70741691489361
8,979ae6377c88be0e93531cdb9632795b6a7a,d68bd8b2-812d-4e0d-bfac-2c5f40a70dd4,7,weka_main,0,39451.0,105.0,65-256,805.5274559999999,11281.082513,10475.555057,100.7264909326923
8,979ae6377c88be0e93531cdb9632795b6a7a,d68bd8b2-812d-4e0d-bfac-2c5f40a70dd4,8,weka_main,0,40105.0,17.0,1-64,781.342637,2400.7568309999997,1619.414194,101.213387125
8,979ae6377c88be0e93531cdb9632795b6a7a,d68bd8b2-812d-4e0d-bfac-2c5f40a70dd4,9,weka_main,0,39593.0,111.0,65-256,485.868884,11604.535581999999,11118.666697999999,101.07878816363635
8,979ae6377c88be0e93531cdb9632795b6a7a,d68bd8b2-812d-4e0d-bfac-2c5f40a70dd4,10,weka_main,0,39863.0,228.0,65-256,564.3822319999999,23636.489777,23072.107545,101.63924028634362
8,768086c44de172b3719b40f29aec56303892,7fa23c27-e2f1-4bed-8fba-81cb37aca46b,1,weka_main,0,28983.0,2304.0,>1024,11100.494841,254761.415018,243660.920177,105.80152851801996
8,979ae6377c88be0e93531cdb9632795b6a7a,d68bd8b2-812d-4e0d-bfac-2c5f40a70dd4,11,weka_main,0,40196.0,197.0,65-256,809.8414859999999,36870.771118,36060.929632,183.98433485714287
8,3531533f1f293048fc9691b112feafc44e62,99c3ea41-02d1-448f-8fe3-384c3c866ca9,6,weka_main,0,50766.0,311.0,257-1024,17973.267021,56161.382756,38188.115735,123.18747011290321
8,979ae6377c88be0e93531cdb9632795b6a7a,d68bd8b2-812d-4e0d-bfac-2c5f40a70dd4,12,weka_main,0,41106.0,312.0,257-1024,1038.111394,38877.060367,37838.948973,121.66864621543408
8,979ae6377c88be0e93531cdb9632795b6a7a,d68bd8b2-812d-4e0d-bfac-2c5f40a70dd4,13,weka_main,0,42465.0,15.0,1-64,1208.710275,2942.751275,1734.041,123.86007142857143
8,3531533f1f293048fc9691b112feafc44e62,99c3ea41-02d1-448f-8fe3-384c3c866ca9,7,weka_main,0,52571.0,194.0,65-256,1764.874087,27054.235019,25289.360932,131.03295819689117
8,3531533f1f293048fc9691b112feafc44e62,99c3ea41-02d1-448f-8fe3-384c3c866ca9,8,weka_main,0,55460.0,444.0,257-1024,1876.8109319999999,59462.711423,57585.900491,129.99074602934536
8,3531533f1f293048fc9691b112feafc44e62,99c3ea41-02d1-448f-8fe3-384c3c866ca9,9,weka_main,0,55921.0,279.0,257-1024,1009.786481,37337.248396999996,36327.461916,130.67432343884892
16,bbdcb12440a7ab3496b9fac8b5f9824b1672::sa:subagent_001_59efc8e7,e9729571-c642-4c14-8669-e369ed920955,2,weka_subagent,1,28563.0,86.0,65-256,440.891232,10485.421573,10044.530341,118.1709451882353
16,bbdcb12440a7ab3496b9fac8b5f9824b1672::sa:subagent_001_59efc8e7,15d02915-948f-4a51-99e7-bb340d4f77d3,13,weka_subagent,1,47575.0,124.0,65-256,862.7996909999999,16295.848246,15433.048555,125.4719394715447
16,c4b21b8d9ec3f9eb0b1235d8ff1e33ae4fdc,4f1ffd78-c192-4f3c-bef5-bfba4c4e2333,20,weka_main,0,50922.0,187.0,65-256,686.527787,24896.296412,24209.768625,130.16004637096773
16,bbdcb12440a7ab3496b9fac8b5f9824b1672::sa:subagent_001_59efc8e7,e9729571-c642-4c14-8669-e369ed920955,3,weka_subagent,1,29726.0,166.0,65-256,909.212848,21788.025738,20878.812889999997,126.53825993939394
16,bbdcb12440a7ab3496b9fac8b5f9824b1672::sa:subagent_001_59efc8e7,15d02915-948f-4a51-99e7-bb340d4f77d3,14,weka_subagent,1,49572.0,140.0,65-256,1527.320106,19984.704133,18457.384027,132.78693544604315
16,bbdcb12440a7ab3496b9fac8b5f9824b1672::sa:subagent_001_59efc8e7,e9729571-c642-4c14-8669-e369ed920955,4,weka_subagent,1,34154.0,135.0,65-256,2436.582825,19859.22141,17422.638585,130.0196909328358
16,bbdcb12440a7ab3496b9fac8b5f9824b1672::sa:subagent_001_59efc8e7,15d02915-948f-4a51-99e7-bb340d4f77d3,15,weka_subagent,1,51501.0,192.0,65-256,1358.8979649999999,26754.010958,25395.112993,132.9587067696335
16,c4b21b8d9ec3f9eb0b1235d8ff1e33ae4fdc,06319d7e-67c1-4e47-a77a-d9d1edcdcc5c,21,weka_main,0,51192.0,181.0,65-256,1362.4536309999999,25835.655176,24473.201545,135.96223080555555
16,979ae6377c88be0e93531cdb9632795b6a7a::fa:000,b30915e7-ecd6-45c5-8e43-6f2b13533652,1,weka_flat,1,44282.0,225.0,65-256,510.842538,32422.171277999998,31911.328739999997,142.46128901785713
16,bbdcb12440a7ab3496b9fac8b5f9824b1672::sa:subagent_001_59efc8e7,e9729571-c642-4c14-8669-e369ed920955,5,weka_subagent,1,35193.0,181.0,65-256,1436.28817,26265.130601999997,24828.842431999998,137.9380135111111
16,bbdcb12440a7ab3496b9fac8b5f9824b1672::sa:subagent_001_59efc8e7,15d02915-948f-4a51-99e7-bb340d4f77d3,16,weka_subagent,1,52665.0,140.0,65-256,1859.958901,20325.841157,18465.882256,132.84807378417267
16,bbdcb12440a7ab3496b9fac8b5f9824b1672::sa:subagent_001_59efc8e7,e9729571-c642-4c14-8669-e369ed920955,6,weka_subagent,1,36291.0,169.0,65-256,1027.563712,37472.928864,36445.365152,216.93669733333334
16,bbdcb12440a7ab3496b9fac8b5f9824b1672::sa:subagent_001_59efc8e7,15d02915-948f-4a51-99e7-bb340d4f77d3,17,weka_subagent,1,54086.0,155.0,65-256,1046.758216,35728.999917,34682.241701,225.20936169480518
16,768086c44de172b3719b40f29aec56303892,83367d29-b71a-4460-ba46-30e1947b7a72,12,weka_main,0,49777.0,110.0,65-256,2521.656451,18009.33084,15487.674389,142.0887558623853
16,979ae6377c88be0e93531cdb9632795b6a7a::fa:000,d96c523e-dd0b-4e47-b597-44fc83439fae,3,weka_flat,1,46611.0,232.0,65-256,16553.025542,49870.170971,33317.145429,144.23006679220777
16,bbdcb12440a7ab3496b9fac8b5f9824b1672::sa:subagent_001_59efc8e7,15d02915-948f-4a51-99e7-bb340d4f77d3,18,weka_subagent,1,55055.0,142.0,65-256,1252.140173,19703.644378999998,18451.504205999998,130.8617319574468
16,768086c44de172b3719b40f29aec56303892,9742cd6a-75be-41b7-9f89-8fb25d3a97d7,0,weka_main,0,453.0,18.0,1-64,448.42551399999996,2605.861251,2157.435737,126.90798452941176
16,bbdcb12440a7ab3496b9fac8b5f9824b1672::sa:subagent_001_59efc8e7,e9729571-c642-4c14-8669-e369ed920955,7,weka_subagent,1,37135.0,168.0,65-256,1060.946951,24052.896856,22991.949904999998,137.67634673652694
16,979ae6377c88be0e93531cdb9632795b6a7a::fa:000,d96c523e-dd0b-4e47-b597-44fc83439fae,4,weka_flat,1,46942.0,29.0,1-64,724.257087,10609.364351999999,9885.107264999999,353.03954517857136
16,979ae6377c88be0e93531cdb9632795b6a7a::fa:000,d96c523e-dd0b-4e47-b597-44fc83439fae,5,weka_flat,1,47530.0,9.0,1-64,1121.190545,2108.88099,987.690445,123.461305625
16,c4b21b8d9ec3f9eb0b1235d8ff1e33ae4fdc,06319d7e-67c1-4e47-a77a-d9d1edcdcc5c,22,weka_main,0,51525.0,424.0,257-1024,843.29142,78936.802889,78093.51146899999,184.61823042316786
16,bbdcb12440a7ab3496b9fac8b5f9824b1672::sa:subagent_001_59efc8e7,e9729571-c642-4c14-8669-e369ed920955,8,weka_subagent,1,37916.0,112.0,65-256,7899.016640999999,23016.842635999998,15117.825995,136.19663058558558
16,bbdcb12440a7ab3496b9fac8b5f9824b1672::sa:subagent_001_59efc8e7,e9729571-c642-4c14-8669-e369ed920955,9,weka_subagent,1,39399.0,144.0,65-256,1309.545193,18983.79093,17674.245736999997,123.59612403496503
16,979ae6377c88be0e93531cdb9632795b6a7a::fa:000,b30915e7-ecd6-45c5-8e43-6f2b13533652,2,weka_flat,1,45573.0,213.0,65-256,1340.862645,28531.453171999998,27190.590527,128.25750248584905
16,c4b21b8d9ec3f9eb0b1235d8ff1e33ae4fdc,4f1ffd78-c192-4f3c-bef5-bfba4c4e2333,21,weka_main,0,51192.0,181.0,65-256,930.4263609999999,24184.260834,23253.834473,129.18796929444443
16,bbdcb12440a7ab3496b9fac8b5f9824b1672::sa:subagent_001_59efc8e7,e9729571-c642-4c14-8669-e369ed920955,10,weka_subagent,1,39983.0,178.0,65-256,605.532015,18795.131079,18189.599063999998,102.76609640677965
16,bbdcb12440a7ab3496b9fac8b5f9824b1672::sa:subagent_001_59efc8e7,e9729571-c642-4c14-8669-e369ed920955,11,weka_subagent,1,40573.0,111.0,65-256,1258.8087819999998,26130.743040999998,24871.934258999998,226.10849326363635
16,528995cdde1ebf15ccf0b79aec42dba31ce2,0365c990-781d-4c5a-8190-439482e34e50,7,weka_main,0,29756.0,1071.0,>1024,1575.7713159999998,169987.51631099998,168411.744995,157.3941542009346
16,528995cdde1ebf15ccf0b79aec42dba31ce2,64d547ec-2330-4274-87cb-884d67f4ee0d,19,weka_main,0,38745.0,77.0,65-256,14410.280552999999,23864.013982,9453.733429,124.39122932894736
16,979ae6377c88be0e93531cdb9632795b6a7a::fa:000,d96c523e-dd0b-4e47-b597-44fc83439fae,6,weka_flat,1,46942.0,163.0,65-256,6393.734917,29145.584842999997,22751.849926,140.44351806172838
16,bbdcb12440a7ab3496b9fac8b5f9824b1672::sa:subagent_001_59efc8e7,e9729571-c642-4c14-8669-e369ed920955,12,weka_subagent,1,47245.0,190.0,65-256,3284.6472799999997,41163.479902,37878.832622,200.4171038201058
16,528995cdde1ebf15ccf0b79aec42dba31ce2,c281faef-95aa-4a94-bd5b-aa4fdab32651,7,weka_main,0,29755.0,1071.0,>1024,2058.1168359999997,171646.873789,169588.756953,158.49416537663552
16,979ae6377c88be0e93531cdb9632795b6a7a::fa:000,d96c523e-dd0b-4e47-b597-44fc83439fae,7,weka_flat,1,47916.0,96.0,65-256,10490.726719999999,23347.629281999998,12856.902562,135.33581644210525
16,c4b21b8d9ec3f9eb0b1235d8ff1e33ae4fdc,4f1ffd78-c192-4f3c-bef5-bfba4c4e2333,22,weka_main,0,51525.0,424.0,257-1024,996.1381359999999,81778.309433,80782.171297,190.9744002293144
16,bbdcb12440a7ab3496b9fac8b5f9824b1672::sa:subagent_001_59efc8e7,e9729571-c642-4c14-8669-e369ed920955,13,weka_subagent,1,47574.0,124.0,65-256,700.1780319999999,16229.663987,15529.485955,126.25598337398374
16,c4b21b8d9ec3f9eb0b1235d8ff1e33ae4fdc,06319d7e-67c1-4e47-a77a-d9d1edcdcc5c,23,weka_main,0,52179.0,220.0,65-256,18184.664036,48863.940213999995,30679.276178,140.08801907762557
16,bbdcb12440a7ab3496b9fac8b5f9824b1672::sa:subagent_001_59efc8e7,e9729571-c642-4c14-8669-e369ed920955,14,weka_subagent,1,49571.0,140.0,65-256,2591.645072,19656.266932,17064.62186,122.76706374100719
16,979ae6377c88be0e93531cdb9632795b6a7a::fa:000,d96c523e-dd0b-4e47-b597-44fc83439fae,8,weka_flat,1,48183.0,161.0,65-256,897.577728,20283.098135,19385.520407,121.15950254375
16,979ae6377c88be0e93531cdb9632795b6a7a::fa:000,d96c523e-dd0b-4e47-b597-44fc83439fae,9,weka_flat,1,48453.0,87.0,65-256,818.3780979999999,11403.323407,10584.945308999999,123.08075940697674
16,979ae6377c88be0e93531cdb9632795b6a7a::fa:000,d96c523e-dd0b-4e47-b597-44fc83439fae,10,weka_flat,1,49103.0,10.0,1-64,1561.0436479999998,2656.697707,1095.654059,121.73933988888889
16,bbdcb12440a7ab3496b9fac8b5f9824b1672::sa:subagent_001_59efc8e7,e9729571-c642-4c14-8669-e369ed920955,15,weka_subagent,1,51500.0,192.0,65-256,1168.940767,26800.55132,25631.610553,134.19691389005234
16,bbdcb12440a7ab3496b9fac8b5f9824b1672::sa:subagent_001_59efc8e7,e9729571-c642-4c14-8669-e369ed920955,16,weka_subagent,1,52664.0,140.0,65-256,1887.859845,19289.68748,17401.827634999998,125.19300456834532
16,528995cdde1ebf15ccf0b79aec42dba31ce2,64d547ec-2330-4274-87cb-884d67f4ee0d,20,weka_main,0,40741.0,826.0,257-1024,1230.087263,112431.146822,111201.059559,134.78916310181816
16,bbdcb12440a7ab3496b9fac8b5f9824b1672::sa:subagent_001_59efc8e7,e9729571-c642-4c14-8669-e369ed920955,17,weka_subagent,1,54085.0,155.0,65-256,1913.467917,22183.854624,20270.386706999998,131.6258877077922
16,c4b21b8d9ec3f9eb0b1235d8ff1e33ae4fdc,06319d7e-67c1-4e47-a77a-d9d1edcdcc5c,24,weka_main,0,52513.0,368.0,257-1024,1061.007542,54850.160433,53789.152891,146.56444929427792
16,bbdcb12440a7ab3496b9fac8b5f9824b1672::sa:subagent_001_59efc8e7,e9729571-c642-4c14-8669-e369ed920955,18,weka_subagent,1,55054.0,142.0,65-256,2248.001475,31456.860688999997,29208.859214,207.15502988652483
16,c4b21b8d9ec3f9eb0b1235d8ff1e33ae4fdc,4f1ffd78-c192-4f3c-bef5-bfba4c4e2333,23,weka_main,0,52179.0,220.0,65-256,1052.889354,42114.103679,41061.214325,187.49412933789952
16,979ae6377c88be0e93531cdb9632795b6a7a,d4bfcdf5-4bae-45c7-a558-a8ca02e1149f,0,weka_main,0,196.0,17.0,1-64,416.33304599999997,2449.555136,2033.22209,127.076380625
16,528995cdde1ebf15ccf0b79aec42dba31ce2,64d547ec-2330-4274-87cb-884d67f4ee0d,21,weka_main,0,42613.0,299.0,257-1024,2486.416272,69786.176173,67299.759901,225.83812047315436
16,979ae6377c88be0e93531cdb9632795b6a7a,d4bfcdf5-4bae-45c7-a558-a8ca02e1149f,1,weka_main,0,36522.0,170.0,65-256,11301.732525,53531.933078999995,42230.200553999995,249.88284351479288
16,979ae6377c88be0e93531cdb9632795b6a7a,d4bfcdf5-4bae-45c7-a558-a8ca02e1149f,2,weka_main,0,37494.0,19.0,1-64,968.8465799999999,3252.221661,2283.3750809999997,126.85417116666666
16,979ae6377c88be0e93531cdb9632795b6a7a,d4bfcdf5-4bae-45c7-a558-a8ca02e1149f,3,weka_main,0,37955.0,9.0,1-64,937.000364,1944.736347,1007.7359829999999,125.96699787499999
16,979ae6377c88be0e93531cdb9632795b6a7a::fa:000,b30915e7-ecd6-45c5-8e43-6f2b13533652,3,weka_flat,1,46611.0,232.0,65-256,16651.759713,48645.393327,31993.633614,138.5005784155844
16,979ae6377c88be0e93531cdb9632795b6a7a,d4bfcdf5-4bae-45c7-a558-a8ca02e1149f,4,weka_main,0,37494.0,134.0,65-256,640.977,19902.674499,19261.697498999998,144.8247932255639
16,979ae6377c88be0e93531cdb9632795b6a7a::fa:000,b30915e7-ecd6-45c5-8e43-6f2b13533652,4,weka_flat,1,46942.0,29.0,1-64,1216.356702,4776.52919,3560.1724879999997,127.14901742857143
16,979ae6377c88be0e93531cdb9632795b6a7a::fa:000,b30915e7-ecd6-45c5-8e43-6f2b13533652,5,weka_flat,1,47530.0,9.0,1-64,962.507756,3478.771825,2516.264069,314.533008625
16,c4b21b8d9ec3f9eb0b1235d8ff1e33ae4fdc,4f1ffd78-c192-4f3c-bef5-bfba4c4e2333,24,weka_main,0,52513.0,368.0,257-1024,4125.979237,57776.008863999996,53650.029626999996,146.18536683106268
16,979ae6377c88be0e93531cdb9632795b6a7a::fa:000,d96c523e-dd0b-4e47-b597-44fc83439fae,11,weka_flat,1,48594.0,73.0,65-256,1491.7736109999998,10663.66172,9171.888109,127.38733484722222
16,768086c44de172b3719b40f29aec56303892,9742cd6a-75be-41b7-9f89-8fb25d3a97d7,1,weka_main,0,28983.0,2304.0,>1024,9126.274277,381783.699676,372657.425399,161.81390594832826
16,bbdcb12440a7ab3496b9fac8b5f9824b1672,6a407695-8597-4fd0-8666-a8f9077f7b97,0,weka_main,0,387.0,17.0,1-64,452.463054,2497.530437,2045.0673829999998,127.81671143749999
16,979ae6377c88be0e93531cdb9632795b6a7a,d4bfcdf5-4bae-45c7-a558-a8ca02e1149f,5,weka_main,0,38275.0,153.0,65-256,2020.391688,39165.004356,37144.612668,244.3724517631579
16,c4b21b8d9ec3f9eb0b1235d8ff1e33ae4fdc,06319d7e-67c1-4e47-a77a-d9d1edcdcc5c,25,weka_main,0,52843.0,697.0,257-1024,2212.7456349999998,143158.851536,140946.105901,202.50877284626435
16,528995cdde1ebf15ccf0b79aec42dba31ce2,0365c990-781d-4c5a-8190-439482e34e50,8,weka_main,0,31819.0,810.0,257-1024,14814.206248999999,171263.583641,156449.377392,193.38612780222496
16,979ae6377c88be0e93531cdb9632795b6a7a,d4bfcdf5-4bae-45c7-a558-a8ca02e1149f,6,weka_main,0,39116.0,95.0,65-256,1001.944299,13333.353851,12331.409552,131.185208
16,528995cdde1ebf15ccf0b79aec42dba31ce2,c281faef-95aa-4a94-bd5b-aa4fdab32651,8,weka_main,0,31818.0,810.0,257-1024,11277.331359,150906.138865,139628.80750599998,172.5943232459827
16,979ae6377c88be0e93531cdb9632795b6a7a::fa:000,b30915e7-ecd6-45c5-8e43-6f2b13533652,6,weka_flat,1,46942.0,163.0,65-256,745.7842509999999,21313.322185999998,20567.537935,126.96011070987653
16,979ae6377c88be0e93531cdb9632795b6a7a::fa:000,b30915e7-ecd6-45c5-8e43-6f2b13533652,7,weka_flat,1,47916.0,96.0,65-256,2220.457705,14309.959588,12089.501882999999,127.25791455789474
16,979ae6377c88be0e93531cdb9632795b6a7a,d4bfcdf5-4bae-45c7-a558-a8ca02e1149f,7,weka_main,0,39451.0,105.0,65-256,10354.878621,26180.010858999998,15825.132238,152.1647330576923
16,528995cdde1ebf15ccf0b79aec42dba31ce2,0365c990-781d-4c5a-8190-439482e34e50,9,weka_main,0,32664.0,108.0,65-256,13800.264739,30933.354742,17133.090002999998,160.1223364766355
16,979ae6377c88be0e93531cdb9632795b6a7a,d4bfcdf5-4bae-45c7-a558-a8ca02e1149f,8,weka_main,0,40105.0,17.0,1-64,10343.098516,12565.350456999999,2222.251941,138.8907463125
16,528995cdde1ebf15ccf0b79aec42dba31ce2,0365c990-781d-4c5a-8190-439482e34e50,10,weka_main,0,32933.0,94.0,65-256,6495.067379,18494.296033,11999.228653999999,129.02396402150538
16,528995cdde1ebf15ccf0b79aec42dba31ce2,64d547ec-2330-4274-87cb-884d67f4ee0d,22,weka_main,0,43520.0,848.0,257-1024,1978.081193,153818.320721,151840.239528,179.26828751829987
16,528995cdde1ebf15ccf0b79aec42dba31ce2,c281faef-95aa-4a94-bd5b-aa4fdab32651,9,weka_main,0,32663.0,108.0,65-256,13587.167479,27650.210722,14063.043243,131.43031068224298
16,c4b21b8d9ec3f9eb0b1235d8ff1e33ae4fdc,c9b9d1db-d69f-4b96-8366-ccb573f22919,0,weka_main,0,448.0,25.0,1-64,459.858163,3567.387167,3107.529004,129.48037516666668
16,979ae6377c88be0e93531cdb9632795b6a7a::fa:000,b30915e7-ecd6-45c5-8e43-6f2b13533652,8,weka_flat,1,48183.0,161.0,65-256,1602.582175,31747.725119,30145.142944,188.4071434
16,c4b21b8d9ec3f9eb0b1235d8ff1e33ae4fdc,4f1ffd78-c192-4f3c-bef5-bfba4c4e2333,25,weka_main,0,52843.0,697.0,257-1024,18415.844187,140047.788927,121631.94473999999,174.75854129310346
16,979ae6377c88be0e93531cdb9632795b6a7a,d4bfcdf5-4bae-45c7-a558-a8ca02e1149f,9,weka_main,0,39593.0,111.0,65-256,512.984497,24134.058558,23621.074061,214.7370369181818
16,528995cdde1ebf15ccf0b79aec42dba31ce2,c281faef-95aa-4a94-bd5b-aa4fdab32651,10,weka_main,0,32932.0,94.0,65-256,12293.002293,24722.979213,12429.97692,133.65566580645162
16,979ae6377c88be0e93531cdb9632795b6a7a::fa:000,b30915e7-ecd6-45c5-8e43-6f2b13533652,9,weka_flat,1,48453.0,87.0,65-256,848.7659729999999,11964.624839,11115.858865999999,129.2541728604651
16,979ae6377c88be0e93531cdb9632795b6a7a::fa:000,b30915e7-ecd6-45c5-8e43-6f2b13533652,10,weka_flat,1,49103.0,10.0,1-64,1040.460453,2159.640841,1119.180388,124.35337644444444
16,528995cdde1ebf15ccf0b79aec42dba31ce2,0365c990-781d-4c5a-8190-439482e34e50,11,weka_main,0,33394.0,82.0,65-256,526.7991499999999,11014.241151999999,10487.442002,129.47459261728395
16,c4b21b8d9ec3f9eb0b1235d8ff1e33ae4fdc,c9b9d1db-d69f-4b96-8366-ccb573f22919,1,weka_main,0,40372.0,218.0,65-256,13182.864839,41739.509781,28556.644942,131.59744212903226
16,979ae6377c88be0e93531cdb9632795b6a7a,d4bfcdf5-4bae-45c7-a558-a8ca02e1149f,10,weka_main,0,39863.0,228.0,65-256,577.2064429999999,30866.261109,30289.054666,133.43195888105726
16,528995cdde1ebf15ccf0b79aec42dba31ce2,0365c990-781d-4c5a-8190-439482e34e50,12,weka_main,0,33600.0,79.0,65-256,798.8064929999999,11611.680101,10812.873608,138.6265847179487
16,528995cdde1ebf15ccf0b79aec42dba31ce2,c281faef-95aa-4a94-bd5b-aa4fdab32651,11,weka_main,0,33393.0,82.0,65-256,504.839342,11870.920586999999,11366.081245,140.32199067901234
16,c4b21b8d9ec3f9eb0b1235d8ff1e33ae4fdc,c9b9d1db-d69f-4b96-8366-ccb573f22919,2,weka_main,0,41985.0,190.0,65-256,1797.408872,26798.487768,25001.078896,132.2808407195767
16,979ae6377c88be0e93531cdb9632795b6a7a,d4bfcdf5-4bae-45c7-a558-a8ca02e1149f,11,weka_main,0,40196.0,197.0,65-256,1358.545756,39805.422925,38446.877169,196.1575365765306
16,bbdcb12440a7ab3496b9fac8b5f9824b1672,6a407695-8597-4fd0-8666-a8f9077f7b97,1,weka_main,0,50358.0,1183.0,>1024,20967.271711999998,224893.115655,203925.84394299999,172.52609470642977
16,528995cdde1ebf15ccf0b79aec42dba31ce2,c281faef-95aa-4a94-bd5b-aa4fdab32651,12,weka_main,0,33599.0,79.0,65-256,532.526978,27975.390978,27442.863999999998,351.83158974358975
16,c4b21b8d9ec3f9eb0b1235d8ff1e33ae4fdc,06319d7e-67c1-4e47-a77a-d9d1edcdcc5c,26,weka_main,0,53305.0,79.0,65-256,21280.267359999998,60327.99843,39047.73107,500.6119367948718
16,c4b21b8d9ec3f9eb0b1235d8ff1e33ae4fdc,c9b9d1db-d69f-4b96-8366-ccb573f22919,3,weka_main,0,42128.0,193.0,65-256,657.601419,70477.257138,69819.655719,363.644040203125
16,bbdcb12440a7ab3496b9fac8b5f9824b1672::sa:subagent_001_59efc8e7,6a407695-8597-4fd0-8666-a8f9077f7b97,0,weka_subagent,1,26871.0,115.0,65-256,34466.640665,50120.544512,15653.903847,137.31494602631577
16,bbdcb12440a7ab3496b9fac8b5f9824b1672::sa:subagent_001_59efc8e7,6a407695-8597-4fd0-8666-a8f9077f7b97,1,weka_subagent,1,27782.0,101.0,65-256,842.417418,13173.043424,12330.626005999999,123.30626006
16,3531533f1f293048fc9691b112feafc44e62,e73f8764-e2e0-44d9-b3ab-ac02bc844709,6,weka_main,0,50767.0,311.0,257-1024,44419.133636,92358.338406,47939.20477,154.64259603225807
16,979ae6377c88be0e93531cdb9632795b6a7a,d4bfcdf5-4bae-45c7-a558-a8ca02e1149f,12,weka_main,0,41106.0,312.0,257-1024,28318.994907999997,75639.74973899999,47320.754831,152.1567679453376
16,bbdcb12440a7ab3496b9fac8b5f9824b1672::sa:subagent_001_59efc8e7,6a407695-8597-4fd0-8666-a8f9077f7b97,2,weka_subagent,1,28563.0,86.0,65-256,954.3137089999999,11748.702829,10794.38912,126.99281317647059
16,979ae6377c88be0e93531cdb9632795b6a7a,d4bfcdf5-4bae-45c7-a558-a8ca02e1149f,13,weka_main,0,42465.0,15.0,1-64,1076.342283,2652.4872069999997,1576.144924,112.58178028571427
16,528995cdde1ebf15ccf0b79aec42dba31ce2,0365c990-781d-4c5a-8190-439482e34e50,13,weka_main,0,34319.0,736.0,257-1024,983.0367289999999,142933.000336,141949.96360699998,193.12920218639456
16,bbdcb12440a7ab3496b9fac8b5f9824b1672::sa:subagent_001_59efc8e7,6a407695-8597-4fd0-8666-a8f9077f7b97,3,weka_subagent,1,29726.0,166.0,65-256,1171.0619,30629.752802,29458.690902,178.53752061818182
16,c4b21b8d9ec3f9eb0b1235d8ff1e33ae4fdc,c9b9d1db-d69f-4b96-8366-ccb573f22919,4,weka_main,0,44315.0,444.0,257-1024,1952.3022569999998,80785.35848499999,78833.056228,177.95272286230247
16,3531533f1f293048fc9691b112feafc44e62,e73f8764-e2e0-44d9-b3ab-ac02bc844709,7,weka_main,0,52572.0,194.0,65-256,1634.0350859999999,47203.020255999996,45568.98517,236.10873145077719
16,528995cdde1ebf15ccf0b79aec42dba31ce2,0365c990-781d-4c5a-8190-439482e34e50,14,weka_main,0,35163.0,44.0,1-64,1597.5848609999998,7246.66856,5649.083699,131.3740395116279
16,979ae6377c88be0e93531cdb9632795b6a7a::fa:000,b30915e7-ecd6-45c5-8e43-6f2b13533652,11,weka_flat,1,48594.0,73.0,65-256,12656.512891,24222.945321,11566.432429999999,160.64489486111108
16,c4b21b8d9ec3f9eb0b1235d8ff1e33ae4fdc,4f1ffd78-c192-4f3c-bef5-bfba4c4e2333,26,weka_main,0,53305.0,79.0,65-256,24284.351132,37991.002030999996,13706.650899,175.72629357692307
16,e3dbfa26bddbcb04c48a73dab3fa353d45f4,3f2f7471-9f65-414b-a213-23b4fc8a1821,0,weka_main,0,452.0,18.0,1-64,474.393012,2744.248827,2269.855815,133.52093029411765
16,bbdcb12440a7ab3496b9fac8b5f9824b1672::sa:subagent_001_59efc8e7,6a407695-8597-4fd0-8666-a8f9077f7b97,4,weka_subagent,1,34154.0,135.0,65-256,14370.680193999999,40348.09641,25977.416215999998,193.8613150447761
16,528995cdde1ebf15ccf0b79aec42dba31ce2,c281faef-95aa-4a94-bd5b-aa4fdab32651,13,weka_main,0,34318.0,736.0,257-1024,31490.322745999998,157698.860396,126208.53765,171.71229612244898
32,bbdcb12440a7ab3496b9fac8b5f9824b1672::sa:subagent_001_59efc8e7,1f3e3919-a0f8-420c-b786-c17fd000a740,2,weka_subagent,1,28563.0,86.0,65-256,441.718399,39931.279007,39489.560608,464.58306597647055
32,bbdcb12440a7ab3496b9fac8b5f9824b1672::sa:subagent_001_59efc8e7,a0f2912b-ee6e-4083-97db-eef47573f4bd,13,weka_subagent,1,47575.0,124.0,65-256,1494.696338,64543.827112,63049.130774,512.5945591382114
32,bbdcb12440a7ab3496b9fac8b5f9824b1672::sa:subagent_001_59efc8e7,3d6711af-ab1f-4f14-afc3-147b705a650b,18,weka_subagent,1,55053.0,142.0,65-256,2667.7569639999997,76297.694263,73629.937299,522.1981368723405
32,979ae6377c88be0e93531cdb9632795b6a7a,791ac1d0-0f55-456b-9e83-497fde89858d,7,weka_main,0,39453.0,105.0,65-256,31848.466548999997,83115.66851,51267.201961,492.95386500961536
32,bbdcb12440a7ab3496b9fac8b5f9824b1672::sa:subagent_001_59efc8e7,8878d46b-be90-4fa0-a123-05dd0e1b9e8f,10,weka_subagent,1,39985.0,178.0,65-256,2252.8777609999997,96886.956715,94634.078954,534.655813299435
32,c4b21b8d9ec3f9eb0b1235d8ff1e33ae4fdc,0c87bfda-f58a-4bab-8f5c-40cf5e829650,20,weka_main,0,50922.0,187.0,65-256,688.9110959999999,103099.435074,102410.523978,550.5942149354838
32,528995cdde1ebf15ccf0b79aec42dba31ce2,6192e861-18ed-4500-ae79-8cbca2d15bcf,9,weka_main,0,32665.0,108.0,65-256,959.705508,69526.888714,68567.183206,640.814796317757
32,c4b21b8d9ec3f9eb0b1235d8ff1e33ae4fdc,f7dc7491-91b5-47c1-900e-e23886b1059a,27,weka_main,0,53240.0,162.0,65-256,23659.277255999998,112996.087294,89336.810038,554.8870188695652
32,bbdcb12440a7ab3496b9fac8b5f9824b1672::sa:subagent_001_59efc8e7,1f3e3919-a0f8-420c-b786-c17fd000a740,3,weka_subagent,1,29726.0,166.0,65-256,2106.5412069999998,104455.338165,102348.79695799999,620.2957391393938
32,bbdcb12440a7ab3496b9fac8b5f9824b1672,ebb61ddd-f3c0-4dc4-81ef-d708d77fd044,0,weka_main,0,389.0,17.0,1-64,58319.433572999995,70729.67951,12410.245937,775.6403710625
32,979ae6377c88be0e93531cdb9632795b6a7a::fa:000,00279781-4369-475c-b9e0-921e30eef820,2,weka_flat,1,45571.0,213.0,65-256,38567.799514,169632.633249,131064.833735,618.2303478066037
32,979ae6377c88be0e93531cdb9632795b6a7a,791ac1d0-0f55-456b-9e83-497fde89858d,8,weka_main,0,40107.0,17.0,1-64,71144.586484,81863.232037,10718.645553,669.9153470625
32,768086c44de172b3719b40f29aec56303892,9647785d-649f-4559-b0c0-3e0c8084770b,19,weka_main,0,58857.0,80.0,65-256,67029.595271,116622.95022999999,49593.354959,627.7639868227848
32,bbdcb12440a7ab3496b9fac8b5f9824b1672::sa:subagent_001_59efc8e7,a0f2912b-ee6e-4083-97db-eef47573f4bd,14,weka_subagent,1,49572.0,140.0,65-256,40936.293007,134850.91115499998,93914.618148,675.6447348776978
32,c4b21b8d9ec3f9eb0b1235d8ff1e33ae4fdc,8b1eb413-8099-4dc3-a21c-5877071a93f0,21,weka_main,0,51191.0,181.0,65-256,36225.77241,157520.43357599998,121294.66116599999,673.8592287
32,979ae6377c88be0e93531cdb9632795b6a7a::fa:000,b75a04e2-ae67-4e6f-a466-b5ba752e5572,1,weka_flat,1,44281.0,225.0,65-256,18022.995851,164121.225136,146098.22928499998,652.2242378794642
32,bbdcb12440a7ab3496b9fac8b5f9824b1672::sa:subagent_001_59efc8e7,8878d46b-be90-4fa0-a123-05dd0e1b9e8f,11,weka_subagent,1,40575.0,111.0,65-256,100094.802214,163043.10710999998,62948.304895999994,572.2573172363636
32,528995cdde1ebf15ccf0b79aec42dba31ce2,6192e861-18ed-4500-ae79-8cbca2d15bcf,10,weka_main,0,32934.0,94.0,65-256,107614.370621,164545.417893,56931.047271999996,612.1617986236558
32,768086c44de172b3719b40f29aec56303892,1f07cdfd-200e-4be1-8ca3-a16db7cd9de8,12,weka_main,0,49778.0,110.0,65-256,127033.60419499999,200403.357348,73369.753153,673.1170014036696
32,979ae6377c88be0e93531cdb9632795b6a7a::fa:000,766ce0c6-2d26-48f2-bc8a-08775900a0dc,3,weka_flat,1,46609.0,232.0,65-256,88044.728657,239554.24870199998,151509.52004499998,655.8853681601731
32,c4b21b8d9ec3f9eb0b1235d8ff1e33ae4fdc,0fbd1bd9-24f2-432c-98f7-c7dc7a3355e4,12,weka_main,0,47559.0,88.0,65-256,141240.86033999998,210230.18702299998,68989.32668299999,792.9807664712644
32,c4b21b8d9ec3f9eb0b1235d8ff1e33ae4fdc,f7dc7491-91b5-47c1-900e-e23886b1059a,28,weka_main,0,53635.0,152.0,65-256,164236.506787,282345.75831,118109.251523,782.1804736622516
32,bbdcb12440a7ab3496b9fac8b5f9824b1672::sa:subagent_001_59efc8e7,1f3e3919-a0f8-420c-b786-c17fd000a740,4,weka_subagent,1,34154.0,135.0,65-256,170765.84010099998,271534.540018,100768.69991699999,752.0052232611939
32,979ae6377c88be0e93531cdb9632795b6a7a,791ac1d0-0f55-456b-9e83-497fde89858d,9,weka_main,0,39595.0,111.0,65-256,175736.686915,268398.240719,92661.553804,842.3777618545454
32,528995cdde1ebf15ccf0b79aec42dba31ce2,6be03870-dd6e-4f69-a48d-e44cc5202e7d,19,weka_main,0,38747.0,77.0,65-256,188121.33634399998,256130.511335,68009.17499099999,894.8575656710525
32,979ae6377c88be0e93531cdb9632795b6a7a,40903083-22ad-4d4d-a49e-dd20b75c2ebb,14,weka_main,0,42158.0,357.0,257-1024,108118.246028,376864.734942,268746.488914,754.905867735955
32,bbdcb12440a7ab3496b9fac8b5f9824b1672::sa:subagent_001_59efc8e7,a0f2912b-ee6e-4083-97db-eef47573f4bd,15,weka_subagent,1,51501.0,192.0,65-256,192693.50474799998,337250.03142799996,144556.52667999998,756.8404538219895
32,528995cdde1ebf15ccf0b79aec42dba31ce2,7da53e33-1506-42c2-b15c-549812626ca8,19,weka_main,0,38745.0,77.0,65-256,249931.83147099998,292070.55081399996,42138.719343,554.4568334605264
32,979ae6377c88be0e93531cdb9632795b6a7a::fa:000,766ce0c6-2d26-48f2-bc8a-08775900a0dc,4,weka_flat,1,46940.0,29.0,1-64,221037.32990699998,238059.869487,17022.53958,607.9478421428572
32,c4b21b8d9ec3f9eb0b1235d8ff1e33ae4fdc,0c87bfda-f58a-4bab-8f5c-40cf5e829650,21,weka_main,0,51192.0,181.0,65-256,218857.652518,334441.397222,115583.744704,642.1319150222223
32,528995cdde1ebf15ccf0b79aec42dba31ce2,6192e861-18ed-4500-ae79-8cbca2d15bcf,11,weka_main,0,33395.0,82.0,65-256,234051.163864,281453.992775,47402.828911,585.2201100123457
32,bbdcb12440a7ab3496b9fac8b5f9824b1672::sa:subagent_001_59efc8e7,8878d46b-be90-4fa0-a123-05dd0e1b9e8f,12,weka_subagent,1,47247.0,190.0,65-256,229269.98333,346990.343512,117720.36018199999,622.8590485820106
32,c4b21b8d9ec3f9eb0b1235d8ff1e33ae4fdc,f7dc7491-91b5-47c1-900e-e23886b1059a,29,weka_main,0,53841.0,73.0,65-256,164667.569349,205098.389723,40430.820373999995,561.5391718611112
32,979ae6377c88be0e93531cdb9632795b6a7a::fa:000,b75a04e2-ae67-4e6f-a466-b5ba752e5572,2,weka_flat,1,45572.0,213.0,65-256,233707.74527299998,357501.303334,123793.55806099999,583.9318776462263
32,bbdcb12440a7ab3496b9fac8b5f9824b1672::sa:subagent_001_59efc8e7,1f3e3919-a0f8-420c-b786-c17fd000a740,5,weka_subagent,1,35193.0,181.0,65-256,174156.52092399998,271635.33226399997,97478.81134,541.5489518888888
32,c4b21b8d9ec3f9eb0b1235d8ff1e33ae4fdc,8b1eb413-8099-4dc3-a21c-5877071a93f0,22,weka_main,0,51524.0,424.0,257-1024,215880.69601699998,477757.819754,261877.123737,619.0948551702127
32,979ae6377c88be0e93531cdb9632795b6a7a::fa:000,766ce0c6-2d26-48f2-bc8a-08775900a0dc,5,weka_flat,1,47528.0,9.0,1-64,133969.07375799998,137298.50449999998,3329.430742,416.17884275
32,979ae6377c88be0e93531cdb9632795b6a7a::fa:000,00279781-4369-475c-b9e0-921e30eef820,3,weka_flat,1,46609.0,232.0,65-256,176250.235295,299678.758008,123428.522713,534.3226091471861
32,979ae6377c88be0e93531cdb9632795b6a7a,791ac1d0-0f55-456b-9e83-497fde89858d,10,weka_main,0,39865.0,228.0,65-256,176763.72554699998,293365.356245,116601.630698,513.6635713568282
32,528995cdde1ebf15ccf0b79aec42dba31ce2,6192e861-18ed-4500-ae79-8cbca2d15bcf,12,weka_main,0,33601.0,79.0,65-256,127651.12789599999,167967.023071,40315.895175,516.8704509615384
32,bbdcb12440a7ab3496b9fac8b5f9824b1672::sa:subagent_001_59efc8e7,a0f2912b-ee6e-4083-97db-eef47573f4bd,16,weka_subagent,1,52665.0,140.0,65-256,151355.90617499998,222503.39246799998,71147.486293,511.85241937410075
32,c4b21b8d9ec3f9eb0b1235d8ff1e33ae4fdc,0fbd1bd9-24f2-432c-98f7-c7dc7a3355e4,13,weka_main,0,47629.0,322.0,257-1024,160831.192408,329402.572327,168571.379919,525.144485728972
32,528995cdde1ebf15ccf0b79aec42dba31ce2,eaa6fcae-3a1c-4489-9ed5-dffd6c8342aa,7,weka_main,0,29756.0,1071.0,>1024,75555.216837,751526.5525359999,675971.3356989999,631.7489118682242
32,bbdcb12440a7ab3496b9fac8b5f9824b1672::sa:subagent_001_59efc8e7,8878d46b-be90-4fa0-a123-05dd0e1b9e8f,13,weka_subagent,1,47576.0,124.0,65-256,160991.24985199998,216435.816464,55444.566611999995,450.7688342439024
32,979ae6377c88be0e93531cdb9632795b6a7a,40903083-22ad-4d4d-a49e-dd20b75c2ebb,15,weka_main,0,43196.0,386.0,257-1024,154736.749095,345230.59099,190493.841895,494.7891997272727
32,979ae6377c88be0e93531cdb9632795b6a7a::fa:000,00279781-4369-475c-b9e0-921e30eef820,4,weka_flat,1,46940.0,29.0,1-64,131163.32614299998,135092.160985,3928.8348419999998,140.31553007142855
32,bbdcb12440a7ab3496b9fac8b5f9824b1672::sa:subagent_001_59efc8e7,1f3e3919-a0f8-420c-b786-c17fd000a740,6,weka_subagent,1,36291.0,169.0,65-256,127563.87168,194074.058367,66510.186687,395.893968375
32,528995cdde1ebf15ccf0b79aec42dba31ce2,9feb278a-2b82-40ea-bfe5-3ba03f1257f4,7,weka_main,0,29756.0,1071.0,>1024,135666.900705,778248.128068,642581.2273629999,600.5432031429907
