Metric,avg,min,max,sum,p1,p5,p10,p25,p50,p75,p90,p95,p99,std
Active Decode Throughput (tokens/sec),31.95,0.00,127.73,,,,,,30.92,,37.57,38.38,60.95,7.40
Active Decode Throughput Per User (tokens/sec/user),30.66,0.00,127.73,,,,,,30.81,,32.50,37.66,38.27,4.32
Active Prefill Throughput (tokens/sec),21504.18,2129.36,100620.25,,,,,,19317.16,,51078.64,56633.60,91068.30,20518.65
Active Prefill Throughput Per User (tokens/sec/user),21504.18,2129.36,100620.25,,,,,,19317.16,,51078.64,56633.60,91068.30,20518.65
Active Total Throughput (tokens/sec),2356.86,28.49,100620.25,,,,,,31.20,,2248.74,21330.11,52269.49,9492.07
Credit-to-Start Latency (ms),1.08,0.50,4.44,44.41,0.51,0.53,0.59,0.78,1.02,1.23,1.34,1.46,3.38,0.60
Decode Duration (ms),15741.78,354.59,73788.55,645413.08,395.03,515.95,1736.14,2974.32,12002.81,24805.65,30932.14,34292.00,58174.71,14471.53
E2E Output Token Throughput (tokens/sec/user),25.36,6.00,30.56,1039.57,8.26,13.42,19.55,23.49,27.21,28.86,29.98,30.06,30.46,5.31
Effective Concurrency,0.79,0.00,2.00,,,,,,1.00,,1.00,1.00,2.00,0.48
Effective Decode Concurrency,0.71,0.00,2.00,,,,,,1.00,,1.00,1.00,2.00,0.51
Effective Decode Throughput (tokens/sec),21.64,0.00,127.73,,,,,,30.04,,32.33,37.82,60.68,16.13
Effective Decode Throughput Per User (tokens/sec/user),20.76,0.00,127.73,,,,,,29.99,,31.87,37.27,38.09,14.77
Effective Latency (CO-aware) (ms),17571.99,732.20,86709.03,720451.50,916.61,1999.69,2375.47,4130.29,13819.97,26871.83,31986.23,36081.94,66539.39,15705.61
Effective Prefill Concurrency,0.08,0.00,1.00,,,,,,0.00,,0.00,1.00,1.00,0.27
Effective Prefill Throughput (tokens/sec),1762.49,0.00,100620.25,,,,,,0.00,,0.00,2451.28,44375.02,8324.72
Effective Prefill Throughput Per User (tokens/sec/user),1762.49,0.00,100620.25,,,,,,0.00,,0.00,2451.28,44375.02,8324.72
Effective Total Throughput (tokens/sec),1784.12,0.00,100620.25,,,,,,30.66,,59.03,2451.28,44375.02,8320.24
HTTP Blocked (ms),0.00,0.00,0.00,0.00,0.00,0.00,0.00,0.00,0.00,0.00,0.00,0.00,0.00,0.00
HTTP Chunks Received,483.41,12.00,2304.00,19820.00,13.60,18.00,55.00,94.00,357.00,781.00,953.00,1071.00,1820.00,448.18
HTTP Chunks Sent,1.00,1.00,1.00,41.00,1.00,1.00,1.00,1.00,1.00,1.00,1.00,1.00,1.00,0.00
HTTP Connecting (ms),0.24,0.00,0.60,9.81,0.00,0.00,0.00,0.00,0.31,0.44,0.49,0.53,0.57,0.22
HTTP Connection Overhead (ms),0.24,0.00,0.60,9.81,0.00,0.00,0.00,0.00,0.31,0.44,0.49,0.53,0.57,0.22
HTTP Connection Reused (ratio),0.44,0.00,1.00,18.00,0.00,0.00,0.00,0.00,0.00,1.00,1.00,1.00,1.00,0.50
HTTP Data Received (KB),123.01,3.65,582.46,5043.42,4.05,5.16,14.60,24.41,91.06,198.26,241.99,272.32,460.06,113.32
HTTP Data Sent (KB),133.00,1.58,219.04,5453.13,3.29,64.63,70.72,99.03,124.19,188.21,210.66,214.13,217.82,55.63
HTTP DNS Lookup (ms),0.00,0.00,0.00,0.00,0.00,0.00,0.00,0.00,0.00,0.00,0.00,0.00,0.00,0.00
HTTP Duration (excl. conn) (ms),17570.82,727.68,86708.40,720403.53,913.50,1998.84,2374.08,4128.85,13818.79,26871.17,31985.00,36081.18,66538.45,15705.75
HTTP Receiving (ms),15743.42,354.60,73820.81,645480.26,395.04,515.95,1736.15,2974.34,12037.50,24805.65,30932.14,34292.01,58194.07,14474.47
HTTP Sending (ms),0.43,0.12,0.88,17.69,0.12,0.12,0.15,0.17,0.46,0.64,0.73,0.75,0.84,0.24
HTTP Total Time (ms),17571.06,727.68,86708.40,720413.34,913.50,1998.84,2374.56,4128.85,13818.79,26871.17,31985.59,36081.66,66538.66,15705.75
HTTP Waiting (TTFB) (ms),1826.97,211.57,12887.47,74905.58,260.25,400.43,700.73,841.23,1170.25,1665.62,2204.74,7670.10,11245.04,2370.45
Input Sequence Length (tokens),39298.66,451.00,64864.00,1611245.00,963.80,18802.00,20920.00,28981.00,36600.00,55921.00,62379.00,63366.00,64474.80,16571.54
Inter Chunk Latency (ms),33.30,7.87,1601.51,645413.08,30.54,31.29,31.51,31.92,32.48,33.29,33.85,34.14,65.52,13.22
Inter Token Latency (ms),32.56,30.35,35.10,1335.08,30.36,31.36,31.48,32.04,32.33,33.43,33.72,33.78,34.62,0.96
OSL Mismatch Diff % (%),0.00,0.00,0.00,0.00,0.00,0.00,0.00,0.00,0.00,0.00,0.00,0.00,0.00,0.00
Output Sequence Length (tokens),483.41,12.00,2304.00,19820.00,13.60,18.00,55.00,94.00,357.00,781.00,953.00,1071.00,1820.00,448.18
Output Token Count (tokens),483.41,12.00,2304.00,19820.00,13.60,18.00,55.00,94.00,357.00,781.00,953.00,1071.00,1820.00,448.18
Output Token Throughput Per User (tokens/sec/user),30.74,28.49,32.95,1260.19,28.90,29.61,29.66,29.92,30.93,31.21,31.76,31.89,32.94,0.91
Prefill Throughput Per User (tokens/sec/user),35899.14,2129.36,100620.25,1471864.88,2177.12,2352.67,2451.28,19872.89,34998.10,45020.72,63467.97,82193.38,96799.47,23239.62
Request Latency (ms),17569.27,727.75,86676.20,720340.16,913.58,1998.91,2374.19,4128.96,13818.84,26871.24,31985.10,36081.26,66519.16,15702.53
Time to First Output Token (ms),1827.49,211.80,12887.65,74927.07,260.66,400.70,701.27,841.93,1170.99,1666.49,2205.02,7670.28,11245.22,2370.36
Time to First Token (ms),1827.49,211.80,12887.65,74927.07,260.66,400.70,701.27,841.93,1170.99,1666.49,2205.02,7670.28,11245.22,2370.36
Time to Second Token (ms),20.63,7.87,30.58,845.63,10.07,14.35,15.99,18.05,21.07,22.96,25.16,25.86,30.27,4.26
Tokens In Flight (tokens),29608.93,0.00,64958.00,,,,,,30448.00,,59116.00,62713.00,64460.00,20664.17
Usage Completion Tokens (tokens),483.41,12.00,2304.00,19820.00,13.60,18.00,55.00,94.00,357.00,781.00,953.00,1071.00,1820.00,448.18
Usage Prompt Tokens (tokens),39298.66,451.00,64864.00,1611245.00,963.80,18802.00,20920.00,28981.00,36600.00,55921.00,62379.00,63366.00,64474.80,16571.54
Usage Total Tokens (tokens),39782.07,469.00,64958.00,1631065.00,981.00,19150.00,21081.00,30829.00,36655.00,56200.00,62626.00,63723.00,64811.20,16513.09

Metric,Value
Benchmark Duration (sec),904.15
Completed Requests (Success + Error),41.00
Input Token Throughput (tokens/sec),1762.49
OSL Mismatch Count,0.00
Output Token Throughput (tokens/sec),21.68
Request Count,41.00
Request Error Rate (%),0.00
Request Throughput (requests/sec),0.04
Theoretical Prefix Cache Hit (%),93.18
Total Input Sequence Length (tokens),1611245.00
Total Output Sequence Length (tokens),19820.00
Total Output Tokens (tokens),19820.00
Total Token Throughput (tokens/sec),1784.17
Total Usage Completion Tokens (tokens),19820.00
Total Usage Prompt Tokens (tokens),1611245.00
Total Usage Total Tokens (tokens),1631065.00


Endpoint,GPU_Index,GPU_Name,GPU_UUID,Platform,Metric,avg,min,max,sum,p1,p5,p10,p25,p50,p75,p90,p95,p99,std
